用户码,性别,累计消费次数,价值组别,页面版本,是否购买,retention_7
1,男,3,高,旧页面,否,FALSE
2,女,38,高,旧页面,是,FALSE
3,女,165,高,新页面,否,FALSE
4,男,1,高,新页面,否,FALSE
5,女,179,高,新页面,否,TRUE
6,女,187,高,新页面,否,TRUE
7,男,0,高,旧页面,否,FALSE
8,男,2,高,新页面,否,FALSE
9,女,108,高,新页面,否,TRUE
10,女,153,高,新页面,否,FALSE
11,男,3,高,旧页面,否,TRUE
12,男,0,高,旧页面,否,FALSE
13,女,30,高,旧页面,是,FALSE
14,女,39,高,旧页面,是,FALSE
15,女,305,高,旧页面,是,TRUE
16,女,73,高,旧页面,是,FALSE
17,女,14,高,旧页面,是,FALSE
18,女,204,高,旧页面,是,TRUE
19,女,108,高,旧页面,是,TRUE
20,男,1,高,新页面,否,FALSE
21,女,9,高,新页面,否,FALSE
22,女,5,高,旧页面,是,FALSE
23,女,45,高,新页面,否,FALSE
24,男,105,高,旧页面,否,TRUE
25,男,4,高,旧页面,否,FALSE
26,男,3,高,旧页面,否,FALSE
27,男,0,高,旧页面,否,FALSE
28,女,80,高,新页面,否,TRUE
29,男,4,高,新页面,否,FALSE
30,男,5,高,旧页面,否,FALSE
31,女,53,高,新页面,否,TRUE
32,女,37,高,旧页面,是,FALSE
33,女,13,高,旧页面,是,FALSE
34,男,50,高,旧页面,否,FALSE
35,女,202,高,新页面,否,TRUE
36,男,0,高,新页面,否,FALSE
37,男,23,高,旧页面,否,FALSE
38,男,0,高,旧页面,否,FALSE
39,男,103,高,旧页面,否,FALSE
40,男,27,高,旧页面,否,FALSE
41,男,15,高,新页面,否,FALSE
42,男,0,高,旧页面,否,FALSE
43,男,1,高,新页面,否,FALSE
44,女,49,高,新页面,否,FALSE
45,男,7,高,旧页面,否,FALSE
46,女,386,高,旧页面,是,TRUE
47,女,25,高,新页面,否,FALSE
48,男,1,高,旧页面,否,FALSE
49,女,13,高,旧页面,是,FALSE
50,女,12,高,旧页面,是,FALSE
51,男,6,高,新页面,否,FALSE
52,女,25,高,旧页面,是,FALSE
53,女,29,高,旧页面,是,FALSE
54,女,136,高,旧页面,是,FALSE
55,女,105,高,旧页面,是,TRUE
56,女,10,高,新页面,否,FALSE
57,男,76,高,新页面,否,FALSE
58,男,138,高,新页面,否,FALSE
59,男,0,高,旧页面,否,FALSE
60,女,94,高,旧页面,是,TRUE
61,男,1,高,新页面,否,FALSE
62,男,0,高,旧页面,否,FALSE
63,男,21,高,旧页面,否,FALSE
64,女,297,高,新页面,否,TRUE
65,女,108,高,新页面,否,TRUE
66,女,45,高,旧页面,是,FALSE
67,男,33,高,新页面,否,FALSE
68,男,0,高,新页面,否,FALSE
69,男,80,高,旧页面,否,FALSE
70,男,21,高,旧页面,否,FALSE
71,男,3,高,新页面,否,FALSE
72,女,139,高,旧页面,是,TRUE
73,男,14,高,旧页面,否,FALSE
74,女,50,高,旧页面,是,FALSE
75,男,14,高,新页面,否,FALSE
76,男,14,高,新页面,否,FALSE
77,男,9,高,旧页面,否,FALSE
78,男,3,高,新页面,否,FALSE
79,男,0,高,旧页面,否,FALSE
80,男,10,高,旧页面,否,FALSE
81,女,5,高,旧页面,是,FALSE
82,男,2,高,旧页面,否,FALSE
83,男,0,高,旧页面,否,FALSE
84,女,3,高,旧页面,是,FALSE
85,男,19,高,旧页面,否,TRUE
86,男,8,高,旧页面,否,FALSE
87,男,6,高,旧页面,否,FALSE
88,女,22,高,旧页面,是,FALSE
89,男,11,高,旧页面,否,FALSE
90,女,246,高,旧页面,是,TRUE
91,男,16,高,旧页面,否,FALSE
92,女,66,高,旧页面,是,TRUE
93,男,0,高,旧页面,否,FALSE
94,女,122,高,旧页面,是,TRUE
95,女,75,高,旧页面,是,FALSE
96,男,3,高,旧页面,否,FALSE
97,女,1,高,旧页面,是,FALSE
98,男,24,高,旧页面,否,FALSE
99,男,3,高,旧页面,否,FALSE
100,女,11,高,旧页面,是,FALSE
101,女,47,高,旧页面,是,FALSE
102,女,31,高,旧页面,是,FALSE
103,男,13,高,旧页面,否,FALSE
104,女,22,高,旧页面,是,FALSE
105,女,6,高,旧页面,是,FALSE
106,女,24,高,旧页面,是,FALSE
107,男,6,高,旧页面,否,FALSE
108,女,24,高,旧页面,是,FALSE
109,男,60,高,旧页面,否,TRUE
110,男,67,高,旧页面,否,FALSE
111,女,42,高,旧页面,是,TRUE
112,男,1,高,旧页面,否,FALSE
113,男,4,高,旧页面,否,FALSE
114,男,3,高,旧页面,否,FALSE
115,男,1,高,旧页面,否,FALSE
116,男,13,高,旧页面,否,FALSE
117,男,129,高,旧页面,否,TRUE
118,男,37,高,旧页面,否,FALSE
119,男,1,高,旧页面,否,FALSE
120,男,27,高,旧页面,否,FALSE
121,男,38,高,新页面,否,FALSE
122,男,8,高,旧页面,否,FALSE
123,女,51,高,旧页面,是,TRUE
124,男,5,高,旧页面,否,FALSE
125,男,2,高,新页面,否,FALSE
126,男,0,高,旧页面,否,FALSE
127,女,16,高,新页面,否,FALSE
128,男,0,高,新页面,否,FALSE
129,男,7,高,新页面,否,FALSE
130,男,5,高,旧页面,否,FALSE
131,男,0,高,新页面,否,FALSE
132,男,11,高,新页面,否,FALSE
133,男,0,高,新页面,否,FALSE
134,女,4,高,旧页面,是,FALSE
135,女,51,高,新页面,否,FALSE
136,男,5,高,新页面,否,FALSE
137,男,21,高,旧页面,否,FALSE
138,女,49,高,旧页面,是,FALSE
139,男,1,高,旧页面,否,FALSE
140,女,46,高,旧页面,是,TRUE
141,男,1,高,旧页面,否,FALSE
142,男,14,高,旧页面,否,FALSE
143,女,104,高,旧页面,是,TRUE
144,男,6,高,旧页面,否,FALSE
145,男,8,高,旧页面,否,FALSE
146,男,1,高,旧页面,否,FALSE
147,女,38,高,旧页面,是,TRUE
148,男,13,高,旧页面,否,FALSE
149,女,20,高,旧页面,是,FALSE
150,男,11,高,旧页面,否,FALSE
151,女,72,高,旧页面,是,FALSE
152,男,65,高,旧页面,否,TRUE
153,女,5,高,旧页面,是,FALSE
154,男,4,高,旧页面,否,FALSE
155,男,8,高,旧页面,否,FALSE
156,男,0,高,旧页面,否,FALSE
157,女,108,高,旧页面,是,FALSE
158,男,26,高,新页面,否,FALSE
159,女,2,高,新页面,否,FALSE
160,男,99,高,新页面,否,TRUE
161,男,10,高,旧页面,否,FALSE
162,女,5,高,新页面,否,FALSE
163,女,13,高,旧页面,是,FALSE
164,男,1,高,新页面,否,FALSE
165,男,16,高,新页面,否,FALSE
166,男,1,高,新页面,否,FALSE
167,女,91,高,新页面,否,FALSE
168,女,149,高,新页面,是,TRUE
169,女,20,高,旧页面,是,FALSE
170,女,68,高,新页面,是,FALSE
171,女,277,高,新页面,是,TRUE
172,女,493,高,新页面,是,TRUE
173,男,4,高,旧页面,否,FALSE
174,女,274,高,旧页面,是,TRUE
175,男,17,高,旧页面,否,FALSE
176,男,32,高,新页面,否,TRUE
177,男,1,高,新页面,否,FALSE
178,女,85,高,新页面,是,TRUE
179,男,12,高,新页面,否,FALSE
180,男,1,高,新页面,否,FALSE
181,男,8,高,旧页面,否,FALSE
182,男,9,高,旧页面,否,FALSE
183,女,8,高,旧页面,是,FALSE
184,女,191,高,新页面,是,TRUE
185,女,115,高,新页面,是,FALSE
186,女,45,高,新页面,是,FALSE
187,男,15,高,新页面,否,FALSE
188,女,134,高,旧页面,是,TRUE
189,女,19,高,新页面,是,FALSE
190,男,2,高,旧页面,否,FALSE
191,女,22,高,旧页面,是,FALSE
192,男,6,高,旧页面,否,FALSE
193,男,18,高,新页面,否,FALSE
194,男,0,高,旧页面,否,FALSE
195,男,0,高,旧页面,否,FALSE
196,男,12,高,新页面,否,FALSE
197,女,152,高,旧页面,是,TRUE
198,男,2,高,新页面,否,FALSE
199,女,8,高,旧页面,是,FALSE
200,女,73,高,新页面,是,FALSE
201,男,0,高,旧页面,否,FALSE
202,女,100,高,旧页面,是,TRUE
203,女,250,高,新页面,是,TRUE
204,男,10,高,旧页面,否,FALSE
205,女,13,高,新页面,是,FALSE
206,女,147,高,旧页面,是,TRUE
207,女,391,高,旧页面,是,FALSE
208,男,18,高,旧页面,否,FALSE
209,男,23,高,新页面,否,FALSE
210,女,19,高,旧页面,是,FALSE
211,男,4,高,旧页面,否,FALSE
212,男,14,高,旧页面,否,FALSE
213,女,61,高,旧页面,是,TRUE
214,女,61,高,新页面,是,FALSE
215,女,75,高,新页面,是,FALSE
216,男,75,高,旧页面,否,FALSE
217,女,57,高,旧页面,是,FALSE
218,女,35,高,旧页面,是,FALSE
219,男,9,高,旧页面,否,FALSE
220,男,13,高,旧页面,否,FALSE
221,男,1,高,旧页面,否,FALSE
222,男,20,高,旧页面,否,FALSE
223,女,77,高,新页面,是,TRUE
224,男,3,高,新页面,否,FALSE
225,男,7,高,新页面,否,FALSE
226,男,6,高,新页面,否,FALSE
227,女,51,高,旧页面,是,TRUE
228,男,197,高,新页面,否,TRUE
229,男,2,高,旧页面,否,FALSE
230,男,22,高,新页面,否,FALSE
231,女,69,高,新页面,是,FALSE
232,男,4,高,新页面,否,FALSE
233,女,260,高,旧页面,是,TRUE
234,男,20,高,新页面,否,FALSE
235,男,4,高,旧页面,否,FALSE
236,女,7,高,旧页面,是,FALSE
237,男,0,高,旧页面,否,FALSE
238,女,8,高,旧页面,是,TRUE
239,女,48,高,旧页面,是,TRUE
240,女,15,高,新页面,是,FALSE
241,男,61,高,旧页面,否,TRUE
242,男,1,高,旧页面,否,FALSE
243,女,12,高,旧页面,是,FALSE
244,女,270,高,旧页面,是,TRUE
245,男,59,高,旧页面,否,FALSE
246,女,141,高,旧页面,是,FALSE
247,男,53,高,旧页面,否,TRUE
248,男,20,高,新页面,否,FALSE
249,男,16,高,新页面,否,FALSE
250,男,0,高,旧页面,否,FALSE
251,女,37,高,旧页面,是,FALSE
252,女,467,高,旧页面,是,TRUE
253,男,25,高,新页面,否,FALSE
254,女,2,高,新页面,是,FALSE
255,男,4,高,新页面,否,FALSE
256,女,11,高,新页面,是,FALSE
257,男,40,高,旧页面,否,FALSE
258,男,9,高,旧页面,否,FALSE
259,女,11,高,新页面,是,TRUE
260,男,12,高,旧页面,否,FALSE
261,男,6,高,旧页面,否,FALSE
262,女,9,高,新页面,是,FALSE
263,男,4,高,新页面,否,FALSE
264,女,18,高,新页面,是,FALSE
265,男,77,高,旧页面,否,TRUE
266,男,4,高,旧页面,否,FALSE
267,女,45,高,新页面,是,FALSE
268,女,43,高,新页面,是,FALSE
269,男,3,高,旧页面,否,FALSE
270,女,30,高,新页面,是,FALSE
271,女,33,高,旧页面,是,TRUE
272,女,47,高,新页面,是,FALSE
273,男,72,高,新页面,否,TRUE
274,男,16,高,新页面,否,FALSE
275,男,2,高,新页面,否,FALSE
276,女,93,高,新页面,是,TRUE
277,女,222,高,旧页面,是,TRUE
278,女,334,高,新页面,是,TRUE
279,男,8,高,新页面,否,FALSE
280,女,29,高,旧页面,是,FALSE
281,女,27,高,新页面,是,FALSE
282,男,16,高,旧页面,否,FALSE
283,女,10,高,旧页面,是,FALSE
284,男,8,高,新页面,否,FALSE
285,女,58,高,新页面,是,FALSE
286,女,84,高,旧页面,是,FALSE
287,男,1,高,旧页面,否,FALSE
288,男,56,高,新页面,否,FALSE
289,女,43,高,旧页面,是,FALSE
290,女,50,高,旧页面,是,FALSE
291,女,23,高,旧页面,是,FALSE
292,男,5,高,旧页面,否,FALSE
293,女,21,高,旧页面,是,FALSE
294,女,48,高,旧页面,是,FALSE
295,女,85,高,新页面,是,TRUE
296,女,13,高,旧页面,是,FALSE
297,女,41,高,旧页面,是,FALSE
298,男,5,高,旧页面,否,FALSE
299,男,1,高,新页面,否,FALSE
300,女,303,高,旧页面,是,TRUE
301,女,18,高,新页面,是,FALSE
302,女,48,高,新页面,是,FALSE
303,女,4,高,旧页面,是,FALSE
304,男,51,高,新页面,否,TRUE
305,男,5,高,旧页面,否,FALSE
306,女,134,高,新页面,是,TRUE
307,女,11,高,新页面,是,FALSE
308,男,3,高,旧页面,否,FALSE
309,女,9,高,新页面,是,FALSE
310,男,3,高,新页面,否,FALSE
311,女,177,高,旧页面,是,TRUE
312,女,11,高,新页面,是,FALSE
313,男,20,高,新页面,否,TRUE
314,女,39,高,旧页面,是,TRUE
315,女,12,高,旧页面,是,FALSE
316,女,12,高,旧页面,是,FALSE
317,男,2,高,新页面,否,FALSE
318,女,9,高,旧页面,是,FALSE
319,女,216,高,旧页面,是,TRUE
320,女,30,高,新页面,是,FALSE
321,男,9,高,旧页面,否,FALSE
322,男,227,高,旧页面,否,FALSE
323,男,0,高,旧页面,否,FALSE
324,女,87,高,旧页面,是,FALSE
325,女,71,高,旧页面,是,FALSE
326,女,13,高,新页面,是,FALSE
327,女,55,高,旧页面,是,TRUE
328,男,14,高,新页面,否,FALSE
329,女,78,高,新页面,是,FALSE
330,男,1,高,旧页面,否,FALSE
331,男,3,高,旧页面,否,FALSE
332,女,96,高,旧页面,是,FALSE
333,男,2,高,旧页面,否,FALSE
334,女,12,高,旧页面,是,TRUE
335,女,99,高,新页面,是,FALSE
336,女,107,高,旧页面,是,FALSE
337,男,12,高,旧页面,否,FALSE
338,男,2,高,新页面,否,FALSE
339,男,2,高,新页面,否,FALSE
340,男,4,高,旧页面,否,FALSE
341,男,28,高,旧页面,否,FALSE
342,男,9,高,新页面,否,FALSE
343,女,136,高,旧页面,是,TRUE
344,男,15,高,新页面,否,FALSE
345,男,8,高,新页面,否,FALSE
346,男,1,高,新页面,否,FALSE
347,女,12,高,旧页面,是,FALSE
348,男,6,高,旧页面,否,FALSE
349,男,45,高,旧页面,否,TRUE
350,男,12,高,旧页面,否,FALSE
351,男,13,高,新页面,否,FALSE
352,女,9,高,旧页面,是,FALSE
353,女,11,高,新页面,是,FALSE
354,女,113,高,新页面,是,TRUE
355,女,6,高,旧页面,是,FALSE
356,男,32,高,新页面,否,FALSE
357,女,17,高,旧页面,是,FALSE
358,女,141,高,旧页面,是,FALSE
359,男,28,高,旧页面,否,FALSE
360,女,95,高,新页面,是,FALSE
361,女,339,高,新页面,是,TRUE
362,女,24,高,旧页面,是,FALSE
363,男,5,高,旧页面,否,FALSE
364,男,6,高,旧页面,否,FALSE
365,男,10,高,旧页面,否,FALSE
366,男,9,高,旧页面,否,FALSE
367,男,6,高,新页面,否,FALSE
368,女,85,高,旧页面,是,FALSE
369,男,54,高,新页面,否,FALSE
370,男,19,高,旧页面,否,FALSE
371,女,6,高,新页面,是,FALSE
372,女,452,高,旧页面,是,TRUE
373,女,26,高,旧页面,是,FALSE
374,女,12,高,新页面,是,FALSE
375,女,2,高,新页面,是,FALSE
376,女,11,高,新页面,是,FALSE
377,男,3,高,新页面,否,FALSE
378,男,6,高,旧页面,否,FALSE
379,男,7,高,新页面,否,FALSE
380,男,57,高,旧页面,否,FALSE
381,男,16,高,新页面,否,FALSE
382,男,15,高,旧页面,否,FALSE
383,女,148,高,新页面,是,TRUE
384,女,57,高,新页面,是,FALSE
385,女,3,高,新页面,是,FALSE
386,女,163,高,旧页面,是,TRUE
387,女,47,高,新页面,是,FALSE
388,男,54,高,旧页面,否,FALSE
389,男,2,高,新页面,否,FALSE
390,女,220,高,旧页面,是,TRUE
391,女,63,高,新页面,是,TRUE
392,女,25,高,新页面,是,FALSE
393,男,0,高,旧页面,否,FALSE
394,男,1,高,旧页面,否,FALSE
395,男,2,高,旧页面,否,FALSE
396,女,84,高,新页面,是,TRUE
397,男,60,高,新页面,否,FALSE
398,女,216,高,旧页面,是,TRUE
399,女,17,高,新页面,是,FALSE
400,女,290,高,旧页面,是,TRUE
401,男,3,高,新页面,否,FALSE
402,女,24,高,新页面,是,FALSE
403,男,5,高,新页面,否,FALSE
404,男,18,高,旧页面,否,FALSE
405,男,5,高,旧页面,否,FALSE
406,男,20,高,旧页面,否,FALSE
407,女,9,高,新页面,是,FALSE
408,女,15,高,新页面,是,FALSE
409,男,4,高,新页面,否,FALSE
410,女,87,高,新页面,是,TRUE
411,女,86,高,新页面,是,FALSE
412,男,0,高,新页面,否,FALSE
413,男,4,高,新页面,否,FALSE
414,男,356,高,旧页面,否,FALSE
415,女,10,高,旧页面,是,FALSE
416,男,3,高,新页面,否,TRUE
417,男,0,高,旧页面,否,FALSE
418,男,0,高,新页面,否,FALSE
419,男,3,高,旧页面,否,FALSE
420,女,34,高,旧页面,是,TRUE
421,男,34,高,旧页面,否,FALSE
422,男,0,高,旧页面,否,FALSE
423,女,117,高,旧页面,是,TRUE
424,男,23,高,旧页面,否,TRUE
425,女,34,高,旧页面,是,FALSE
426,男,8,高,新页面,否,FALSE
427,女,20,高,新页面,是,FALSE
428,女,54,高,新页面,是,TRUE
429,男,4,高,旧页面,否,FALSE
430,男,76,高,新页面,否,TRUE
431,女,55,高,新页面,是,FALSE
432,男,3,高,新页面,否,FALSE
433,男,2,高,新页面,否,FALSE
434,女,22,高,旧页面,是,FALSE
435,女,15,高,旧页面,是,TRUE
436,男,3,高,新页面,否,FALSE
437,男,4,高,新页面,否,FALSE
438,女,298,高,新页面,是,TRUE
439,女,338,高,旧页面,是,TRUE
440,男,1,高,新页面,否,FALSE
441,男,12,高,新页面,否,FALSE
442,男,7,高,新页面,否,FALSE
443,男,5,高,新页面,否,FALSE
444,男,16,高,旧页面,否,FALSE
445,女,9,高,旧页面,是,FALSE
446,男,4,高,新页面,否,FALSE
447,女,115,高,新页面,是,TRUE
448,女,170,高,旧页面,是,TRUE
449,女,174,高,旧页面,是,TRUE
450,男,21,高,旧页面,否,FALSE
451,男,4,高,新页面,否,FALSE
452,男,6,高,新页面,否,FALSE
453,男,6,高,旧页面,否,FALSE
454,男,22,高,旧页面,否,FALSE
455,男,12,高,新页面,否,FALSE
456,男,2,高,新页面,否,FALSE
457,男,2,高,新页面,否,FALSE
458,女,70,高,旧页面,是,FALSE
459,男,0,高,旧页面,否,FALSE
460,男,3,高,旧页面,否,FALSE
461,男,25,高,旧页面,否,FALSE
462,女,141,高,新页面,是,TRUE
463,女,47,高,新页面,是,TRUE
464,男,1,高,旧页面,否,FALSE
465,男,32,高,旧页面,否,FALSE
466,男,3,高,新页面,否,FALSE
467,男,10,高,新页面,否,FALSE
468,男,2,高,旧页面,否,FALSE
469,女,2,高,新页面,是,FALSE
470,男,15,高,旧页面,否,FALSE
471,男,10,高,旧页面,否,FALSE
472,女,54,高,新页面,是,FALSE
473,女,202,高,旧页面,是,TRUE
474,男,2,高,新页面,否,FALSE
475,男,41,高,新页面,否,FALSE
476,男,15,高,旧页面,否,FALSE
477,男,54,高,旧页面,否,FALSE
478,女,5,高,新页面,是,FALSE
479,女,22,高,新页面,是,FALSE
480,女,399,高,新页面,是,TRUE
481,女,13,高,旧页面,是,FALSE
482,女,29,高,新页面,是,FALSE
483,女,38,高,旧页面,是,TRUE
484,男,0,高,新页面,否,FALSE
485,女,19,高,新页面,是,FALSE
486,男,23,高,旧页面,否,FALSE
487,女,237,高,旧页面,是,TRUE
488,女,25,高,新页面,是,FALSE
489,女,85,高,新页面,是,FALSE
490,男,0,高,旧页面,否,FALSE
491,男,11,高,旧页面,否,FALSE
492,男,1,高,新页面,否,FALSE
493,女,7,高,旧页面,是,FALSE
494,女,33,高,旧页面,是,TRUE
495,男,18,高,旧页面,否,FALSE
496,男,14,高,新页面,否,FALSE
497,男,18,高,新页面,否,FALSE
498,女,11,高,新页面,是,FALSE
499,女,26,高,新页面,是,FALSE
500,男,6,高,旧页面,否,FALSE
501,女,65,高,新页面,是,FALSE
502,女,16,高,新页面,是,FALSE
503,男,17,高,新页面,否,FALSE
504,男,139,高,旧页面,否,TRUE
505,男,0,高,旧页面,否,FALSE
506,女,24,高,旧页面,是,FALSE
507,男,23,高,旧页面,否,FALSE
508,男,7,高,旧页面,否,FALSE
509,男,29,高,新页面,否,FALSE
510,男,4,高,旧页面,否,FALSE
511,男,3,高,旧页面,否,FALSE
512,男,19,高,旧页面,否,FALSE
513,男,2,高,旧页面,否,FALSE
514,男,12,高,旧页面,否,FALSE
515,男,1,高,新页面,否,FALSE
516,男,0,高,旧页面,否,FALSE
517,男,6,高,旧页面,否,FALSE
518,男,5,高,新页面,否,FALSE
519,女,67,高,新页面,是,FALSE
520,女,36,高,新页面,是,TRUE
521,男,2,高,新页面,否,FALSE
522,男,1,高,旧页面,否,FALSE
523,女,33,高,新页面,是,FALSE
524,女,9,高,旧页面,是,FALSE
525,女,179,高,旧页面,是,TRUE
526,男,1,高,旧页面,否,FALSE
527,女,202,高,旧页面,是,TRUE
528,女,9,高,旧页面,是,FALSE
529,男,43,高,新页面,否,FALSE
530,男,6,高,旧页面,否,FALSE
531,男,22,高,新页面,否,FALSE
532,男,1,高,旧页面,否,FALSE
533,女,9,高,旧页面,是,TRUE
534,女,4,高,旧页面,是,FALSE
535,男,1,高,旧页面,否,FALSE
536,男,15,高,新页面,否,TRUE
537,男,1,高,旧页面,否,FALSE
538,女,125,高,新页面,是,FALSE
539,男,24,高,新页面,否,FALSE
540,男,1,高,新页面,否,TRUE
541,女,269,高,旧页面,是,FALSE
542,女,31,高,新页面,是,FALSE
543,男,62,高,新页面,否,FALSE
544,男,5,高,新页面,否,FALSE
545,男,16,高,旧页面,否,FALSE
546,男,10,高,新页面,否,FALSE
547,男,4,高,旧页面,否,FALSE
548,男,28,高,新页面,否,FALSE
549,女,46,高,旧页面,是,FALSE
550,男,1,高,新页面,否,FALSE
551,男,4,高,新页面,否,FALSE
552,女,13,高,新页面,是,FALSE
553,男,9,高,旧页面,否,FALSE
554,男,18,高,旧页面,否,FALSE
555,男,15,高,新页面,否,FALSE
556,男,1,高,新页面,否,FALSE
557,男,3,高,旧页面,否,FALSE
558,男,12,高,旧页面,否,FALSE
559,男,8,高,新页面,否,FALSE
560,男,0,高,新页面,否,FALSE
561,女,18,高,新页面,是,FALSE
562,男,7,高,旧页面,否,FALSE
563,男,52,高,新页面,否,TRUE
564,男,0,高,旧页面,否,FALSE
565,女,136,高,新页面,是,FALSE
566,男,5,高,旧页面,否,FALSE
567,女,474,高,新页面,是,TRUE
568,男,5,高,新页面,否,FALSE
569,女,26,高,旧页面,是,FALSE
570,女,83,高,新页面,是,FALSE
571,男,1,高,旧页面,否,FALSE
572,男,1,高,新页面,否,FALSE
573,男,121,高,新页面,否,FALSE
574,女,105,高,新页面,是,TRUE
575,男,2,高,新页面,否,FALSE
576,女,20,高,旧页面,是,FALSE
577,男,46,高,旧页面,否,FALSE
578,男,5,高,旧页面,否,FALSE
579,女,80,高,新页面,是,TRUE
580,女,210,高,新页面,是,TRUE
581,女,16,高,新页面,是,FALSE
582,男,16,高,旧页面,否,FALSE
583,男,0,高,旧页面,否,FALSE
584,男,1,高,旧页面,否,FALSE
585,女,35,高,新页面,是,TRUE
586,女,199,高,新页面,是,FALSE
587,男,6,高,新页面,否,FALSE
588,男,5,高,旧页面,否,FALSE
589,男,3,高,新页面,否,FALSE
590,女,25,高,旧页面,是,FALSE
591,女,118,高,旧页面,是,TRUE
592,女,68,高,新页面,是,FALSE
593,女,105,高,新页面,是,FALSE
594,男,5,高,旧页面,否,FALSE
595,女,38,高,旧页面,是,FALSE
596,男,8,高,新页面,否,FALSE
597,男,7,高,旧页面,否,FALSE
598,男,4,高,旧页面,否,FALSE
599,男,6,高,旧页面,否,FALSE
600,男,12,高,新页面,否,FALSE
601,女,103,高,新页面,是,FALSE
602,女,259,高,旧页面,是,TRUE
603,男,5,高,新页面,否,FALSE
604,女,12,高,新页面,是,FALSE
605,女,6,高,新页面,是,FALSE
606,女,298,高,旧页面,是,TRUE
607,男,3,高,新页面,否,FALSE
608,男,1,高,新页面,否,FALSE
609,男,15,高,新页面,否,FALSE
610,女,6,高,旧页面,是,FALSE
611,男,10,高,旧页面,否,FALSE
612,男,13,高,新页面,否,FALSE
613,女,12,高,新页面,是,FALSE
614,女,34,高,新页面,是,FALSE
615,男,3,高,旧页面,否,FALSE
616,男,2,高,新页面,否,FALSE
617,男,7,高,旧页面,否,FALSE
618,女,24,高,旧页面,是,TRUE
619,男,7,高,新页面,否,FALSE
620,女,53,高,旧页面,是,FALSE
621,男,38,高,新页面,否,TRUE
622,女,11,高,旧页面,是,FALSE
623,女,98,高,新页面,是,FALSE
624,男,4,高,新页面,否,FALSE
625,男,5,高,旧页面,否,FALSE
626,男,3,高,新页面,否,FALSE
627,男,50,高,旧页面,否,FALSE
628,男,149,高,旧页面,否,TRUE
629,女,20,高,旧页面,是,FALSE
630,男,1,高,旧页面,否,FALSE
631,女,30,高,新页面,是,FALSE
632,男,4,高,新页面,否,FALSE
633,女,53,高,新页面,是,FALSE
634,男,5,高,新页面,否,FALSE
635,女,113,高,旧页面,是,FALSE
636,男,2,高,新页面,否,FALSE
637,男,2,高,新页面,否,FALSE
638,男,0,高,旧页面,否,FALSE
639,女,25,高,新页面,是,FALSE
640,男,12,高,旧页面,否,FALSE
641,男,59,高,新页面,否,FALSE
642,男,15,高,旧页面,否,FALSE
643,女,106,高,旧页面,是,TRUE
644,男,2,高,新页面,否,FALSE
645,男,7,高,新页面,否,FALSE
646,男,6,高,新页面,否,FALSE
647,女,59,高,旧页面,是,FALSE
648,男,47,高,旧页面,否,FALSE
649,男,1,高,新页面,否,FALSE
650,女,34,高,旧页面,是,FALSE
651,男,4,高,旧页面,否,FALSE
652,男,12,高,旧页面,否,FALSE
653,女,15,高,旧页面,是,FALSE
654,男,32,高,新页面,否,FALSE
655,男,0,高,旧页面,否,FALSE
656,男,2,高,旧页面,否,FALSE
657,女,34,高,新页面,是,FALSE
658,男,11,高,旧页面,否,FALSE
659,男,16,高,新页面,否,FALSE
660,男,2,高,新页面,否,FALSE
661,女,128,高,旧页面,是,TRUE
662,男,9,高,新页面,否,FALSE
663,男,0,高,新页面,否,FALSE
664,男,34,高,旧页面,否,TRUE
665,男,7,高,新页面,否,FALSE
666,男,7,高,新页面,否,FALSE
667,女,215,高,新页面,是,TRUE
668,男,1,高,旧页面,否,FALSE
669,男,0,高,新页面,否,FALSE
670,女,231,高,新页面,是,FALSE
671,男,5,高,旧页面,否,FALSE
672,男,16,高,新页面,否,FALSE
673,男,34,高,旧页面,否,FALSE
674,男,2,高,新页面,否,FALSE
675,女,34,高,旧页面,是,FALSE
676,男,2,高,旧页面,否,FALSE
677,男,12,高,新页面,否,FALSE
678,男,6,高,新页面,否,FALSE
679,女,41,高,旧页面,是,FALSE
680,男,36,高,新页面,否,FALSE
681,男,13,高,新页面,否,FALSE
682,男,3,高,旧页面,否,FALSE
683,女,36,高,新页面,是,TRUE
684,男,28,高,新页面,否,FALSE
685,女,11,高,旧页面,是,FALSE
686,男,12,高,新页面,否,FALSE
687,男,7,高,旧页面,否,FALSE
688,男,14,高,新页面,否,FALSE
689,女,3,高,旧页面,是,FALSE
690,男,0,高,新页面,否,FALSE
691,男,5,高,新页面,否,FALSE
692,女,129,高,新页面,是,TRUE
693,男,95,高,新页面,否,TRUE
694,女,96,高,新页面,是,FALSE
695,女,160,高,旧页面,是,FALSE
696,男,0,高,旧页面,否,FALSE
697,男,17,高,新页面,否,FALSE
698,女,24,高,新页面,是,FALSE
699,女,11,高,新页面,是,FALSE
700,男,6,高,新页面,否,FALSE
701,男,26,高,新页面,否,FALSE
702,女,110,高,新页面,是,TRUE
703,女,61,高,旧页面,是,TRUE
704,男,5,高,旧页面,否,FALSE
705,男,15,高,旧页面,否,FALSE
706,男,3,高,新页面,否,FALSE
707,男,12,高,旧页面,否,FALSE
708,男,1,高,新页面,否,FALSE
709,女,65,高,新页面,是,FALSE
710,男,2,高,新页面,否,FALSE
711,男,18,高,新页面,否,FALSE
712,女,275,高,新页面,是,TRUE
713,男,19,高,旧页面,否,TRUE
714,男,26,高,旧页面,否,FALSE
715,男,46,高,旧页面,否,FALSE
716,男,3,高,新页面,否,FALSE
717,女,40,高,旧页面,是,FALSE
718,男,13,高,新页面,否,FALSE
719,男,8,高,新页面,否,FALSE
720,男,2,高,新页面,否,FALSE
721,男,3,高,新页面,否,FALSE
722,男,4,高,新页面,否,FALSE
723,女,37,高,旧页面,是,FALSE
724,男,11,高,新页面,否,FALSE
725,女,22,高,旧页面,是,FALSE
726,男,55,高,新页面,否,TRUE
727,女,20,高,旧页面,是,FALSE
728,女,197,高,旧页面,是,TRUE
729,男,44,高,新页面,否,FALSE
730,女,133,高,旧页面,是,FALSE
731,男,0,高,新页面,否,FALSE
732,男,2,高,新页面,否,FALSE
733,男,21,高,旧页面,否,FALSE
734,男,2,高,旧页面,否,FALSE
735,男,5,高,旧页面,否,FALSE
736,男,2,高,新页面,否,FALSE
737,男,14,高,新页面,否,FALSE
738,男,0,高,旧页面,否,FALSE
739,男,44,高,旧页面,否,TRUE
740,男,14,高,旧页面,否,FALSE
741,女,76,高,旧页面,是,FALSE
742,女,52,高,旧页面,是,FALSE
743,女,88,高,新页面,是,TRUE
744,女,36,高,旧页面,是,FALSE
745,女,66,高,新页面,是,FALSE
746,男,70,高,新页面,否,FALSE
747,男,2,高,旧页面,否,FALSE
748,男,44,高,新页面,否,FALSE
749,女,98,高,新页面,是,FALSE
750,男,18,高,旧页面,否,FALSE
751,男,9,高,旧页面,否,FALSE
752,男,6,高,新页面,否,FALSE
753,女,3,高,旧页面,是,FALSE
754,男,2,高,新页面,否,FALSE
755,男,54,高,新页面,否,FALSE
756,男,4,高,新页面,否,FALSE
757,男,13,高,新页面,否,TRUE
758,男,0,高,旧页面,否,FALSE
759,男,8,高,新页面,否,FALSE
760,女,10,高,旧页面,是,FALSE
761,男,18,高,旧页面,否,FALSE
762,男,0,高,新页面,否,FALSE
763,男,33,高,旧页面,否,FALSE
764,男,9,高,新页面,否,FALSE
765,男,6,高,旧页面,否,TRUE
766,男,2,高,旧页面,否,FALSE
767,女,79,高,旧页面,是,TRUE
768,男,9,高,新页面,否,FALSE
769,男,1,高,旧页面,否,FALSE
770,女,35,高,新页面,是,TRUE
771,男,4,高,旧页面,否,FALSE
772,男,9,高,旧页面,否,FALSE
773,女,43,高,旧页面,是,FALSE
774,女,42,高,旧页面,是,FALSE
775,女,6,高,新页面,是,TRUE
776,女,282,高,旧页面,是,TRUE
777,男,11,高,旧页面,否,FALSE
778,男,42,高,新页面,否,TRUE
779,男,16,高,旧页面,否,FALSE
780,男,132,高,新页面,否,TRUE
781,女,49,高,旧页面,是,TRUE
782,女,95,高,旧页面,是,TRUE
783,男,3,高,新页面,否,FALSE
784,女,183,高,旧页面,是,FALSE
785,男,24,高,新页面,否,FALSE
786,女,112,高,新页面,是,TRUE
787,女,70,高,旧页面,是,TRUE
788,女,332,高,旧页面,是,TRUE
789,女,100,高,新页面,是,TRUE
790,男,3,高,旧页面,否,FALSE
791,男,4,高,新页面,否,FALSE
792,男,0,高,旧页面,否,FALSE
793,女,27,高,旧页面,是,FALSE
794,女,41,高,新页面,是,FALSE
795,女,81,高,旧页面,是,TRUE
796,女,49,高,新页面,是,FALSE
797,女,142,高,旧页面,是,TRUE
798,男,31,高,旧页面,否,FALSE
799,女,5,高,旧页面,是,FALSE
800,男,35,高,新页面,否,FALSE
801,男,4,高,新页面,否,FALSE
802,男,3,高,旧页面,否,FALSE
803,男,16,高,旧页面,否,FALSE
804,男,12,高,旧页面,否,FALSE
805,女,48,高,新页面,是,FALSE
806,女,8,高,旧页面,是,FALSE
807,女,6,高,新页面,是,FALSE
808,男,13,高,新页面,否,FALSE
809,女,35,高,新页面,是,FALSE
810,男,4,高,旧页面,否,FALSE
811,女,9,高,新页面,是,FALSE
812,女,7,高,旧页面,是,FALSE
813,女,27,高,新页面,是,FALSE
814,女,83,高,新页面,是,FALSE
815,男,3,高,新页面,否,FALSE
816,男,3,高,旧页面,否,FALSE
817,男,3,高,新页面,否,FALSE
818,男,143,高,旧页面,否,TRUE
819,女,39,高,新页面,是,TRUE
820,女,114,高,新页面,是,TRUE
821,女,71,高,旧页面,是,FALSE
822,男,13,高,旧页面,否,FALSE
823,女,63,高,新页面,是,TRUE
824,女,75,高,旧页面,是,FALSE
825,女,27,高,旧页面,是,FALSE
826,男,15,高,新页面,否,FALSE
827,男,8,高,旧页面,否,FALSE
828,女,17,高,新页面,是,FALSE
829,女,95,高,旧页面,是,FALSE
830,男,6,高,新页面,否,FALSE
831,女,186,高,旧页面,是,TRUE
832,女,50,高,旧页面,是,FALSE
833,女,129,高,旧页面,是,FALSE
834,男,1,高,新页面,否,FALSE
835,女,4,高,新页面,是,FALSE
836,男,30,高,新页面,否,FALSE
837,男,1,高,旧页面,否,FALSE
838,男,3,高,新页面,否,FALSE
839,女,164,高,旧页面,是,TRUE
840,女,1,高,新页面,是,FALSE
841,男,9,高,新页面,否,FALSE
842,男,6,高,新页面,否,FALSE
843,男,78,高,新页面,否,TRUE
844,女,249,高,旧页面,是,TRUE
845,男,34,高,新页面,否,FALSE
846,女,29,高,旧页面,是,FALSE
847,女,18,高,新页面,是,FALSE
848,男,4,高,新页面,否,FALSE
849,男,14,高,旧页面,否,FALSE
850,男,2,高,旧页面,否,FALSE
851,男,8,高,旧页面,否,TRUE
852,女,47,高,新页面,是,FALSE
853,男,3,高,新页面,否,FALSE
854,女,345,高,旧页面,是,FALSE
855,男,1,高,新页面,否,FALSE
856,女,50,高,旧页面,是,TRUE
857,男,13,高,旧页面,否,FALSE
858,女,57,高,新页面,是,FALSE
859,男,7,高,旧页面,否,FALSE
860,女,13,高,旧页面,是,FALSE
861,男,27,高,旧页面,否,FALSE
862,女,59,高,新页面,是,FALSE
863,女,16,高,新页面,是,TRUE
864,男,51,高,旧页面,否,FALSE
865,男,4,高,旧页面,否,FALSE
866,男,7,高,新页面,否,FALSE
867,男,45,高,新页面,否,FALSE
868,女,28,高,旧页面,是,FALSE
869,男,82,高,旧页面,否,TRUE
870,女,394,高,旧页面,是,TRUE
871,男,5,高,旧页面,否,FALSE
872,女,227,高,新页面,是,TRUE
873,男,258,高,新页面,否,TRUE
874,女,56,高,旧页面,是,FALSE
875,男,0,高,新页面,否,FALSE
876,男,52,高,新页面,否,FALSE
877,男,8,高,旧页面,否,FALSE
878,男,0,高,旧页面,否,FALSE
879,男,5,高,旧页面,否,FALSE
880,男,8,高,新页面,否,FALSE
881,男,1,高,旧页面,否,FALSE
882,女,19,高,旧页面,是,FALSE
883,男,11,高,旧页面,否,FALSE
884,男,6,高,新页面,否,FALSE
885,女,375,高,旧页面,是,TRUE
886,男,9,高,旧页面,否,FALSE
887,男,4,高,旧页面,否,FALSE
888,女,57,高,新页面,是,FALSE
889,男,2,高,新页面,否,FALSE
890,男,39,高,旧页面,否,FALSE
891,男,8,高,旧页面,否,FALSE
892,男,1,高,旧页面,否,FALSE
893,男,7,高,旧页面,否,FALSE
894,男,2,高,新页面,否,FALSE
895,女,51,高,旧页面,是,FALSE
896,男,4,高,新页面,否,FALSE
897,男,0,高,旧页面,否,FALSE
898,男,54,高,旧页面,否,TRUE
899,男,10,高,旧页面,否,FALSE
900,男,11,高,新页面,否,FALSE
901,男,3,高,新页面,否,FALSE
902,男,35,高,旧页面,否,TRUE
903,男,39,高,新页面,否,FALSE
904,男,7,高,旧页面,否,FALSE
905,女,19,高,新页面,是,FALSE
906,女,3,高,新页面,是,FALSE
907,男,7,高,旧页面,否,FALSE
908,女,6,高,新页面,是,FALSE
909,女,109,高,新页面,是,FALSE
910,女,106,高,新页面,是,FALSE
911,男,0,高,新页面,否,FALSE
912,女,158,高,新页面,是,TRUE
913,女,60,高,旧页面,是,FALSE
914,男,0,高,新页面,否,FALSE
915,女,13,高,旧页面,是,FALSE
916,男,35,高,旧页面,否,FALSE
917,男,7,高,新页面,否,FALSE
918,女,29,高,旧页面,是,TRUE
919,男,0,高,新页面,否,FALSE
920,男,9,高,旧页面,否,FALSE
921,女,73,高,旧页面,是,FALSE
922,男,2,高,新页面,否,FALSE
923,男,0,高,旧页面,否,TRUE
924,男,5,高,旧页面,否,FALSE
925,男,10,高,旧页面,否,FALSE
926,男,10,高,新页面,否,FALSE
927,女,5,高,旧页面,是,FALSE
928,女,52,高,新页面,是,FALSE
929,女,56,高,新页面,是,FALSE
930,女,42,高,新页面,是,TRUE
931,男,26,高,旧页面,否,FALSE
932,男,19,高,新页面,否,FALSE
933,女,20,高,旧页面,是,FALSE
934,男,34,高,新页面,否,FALSE
935,男,1,高,新页面,否,FALSE
936,女,7,高,旧页面,是,FALSE
937,男,77,高,新页面,否,FALSE
938,男,9,高,旧页面,否,FALSE
939,男,0,高,新页面,否,FALSE
940,女,41,高,新页面,是,FALSE
941,女,26,高,旧页面,是,FALSE
942,男,11,高,新页面,否,FALSE
943,女,260,高,新页面,是,TRUE
944,女,86,高,旧页面,是,TRUE
945,男,47,高,新页面,否,TRUE
946,女,175,高,旧页面,是,FALSE
947,女,28,高,旧页面,是,FALSE
948,男,11,高,旧页面,否,FALSE
949,男,25,高,旧页面,否,FALSE
950,女,44,高,新页面,是,TRUE
951,女,81,高,旧页面,是,TRUE
952,女,47,高,新页面,是,FALSE
953,女,37,高,旧页面,是,FALSE
954,女,11,高,旧页面,是,FALSE
955,男,3,高,旧页面,否,FALSE
956,男,2,高,旧页面,否,FALSE
957,女,26,高,旧页面,是,FALSE
958,男,2,高,新页面,否,FALSE
959,男,0,高,旧页面,否,FALSE
960,男,8,高,旧页面,否,FALSE
961,女,11,高,新页面,是,FALSE
962,男,23,高,旧页面,否,FALSE
963,女,3,高,新页面,是,FALSE
964,男,123,高,旧页面,否,TRUE
965,男,2,高,旧页面,否,FALSE
966,女,104,高,新页面,是,FALSE
967,女,28,高,新页面,是,FALSE
968,男,1,高,新页面,否,FALSE
969,女,21,高,新页面,是,FALSE
970,男,3,高,新页面,否,FALSE
971,女,281,高,旧页面,是,TRUE
972,女,19,高,新页面,是,FALSE
973,男,20,高,旧页面,否,FALSE
974,男,240,高,旧页面,否,TRUE
975,男,2,高,旧页面,否,FALSE
976,女,69,高,新页面,是,TRUE
977,男,33,高,旧页面,否,FALSE
978,男,15,高,旧页面,否,FALSE
979,女,14,高,新页面,是,FALSE
980,女,45,高,旧页面,是,FALSE
981,男,17,高,新页面,否,FALSE
982,女,275,高,新页面,是,TRUE
983,女,11,高,旧页面,是,FALSE
984,女,317,高,旧页面,是,FALSE
985,男,2,高,新页面,否,FALSE
986,男,1,高,新页面,否,FALSE
987,女,90,高,旧页面,是,FALSE
988,女,15,高,旧页面,是,FALSE
989,女,90,高,新页面,是,FALSE
990,男,14,高,新页面,否,FALSE
991,男,6,高,新页面,否,FALSE
992,女,190,高,旧页面,是,FALSE
993,女,11,高,新页面,是,FALSE
994,女,142,高,旧页面,是,TRUE
995,男,8,高,新页面,否,FALSE
996,男,50,高,旧页面,否,FALSE
997,男,3,高,旧页面,否,FALSE
998,男,6,高,新页面,否,FALSE
999,男,192,高,新页面,否,TRUE
1000,男,8,高,旧页面,否,FALSE
1001,男,0,高,新页面,否,FALSE
1002,男,28,高,旧页面,否,FALSE
1003,男,343,高,新页面,否,TRUE
1004,女,6,高,旧页面,是,FALSE
1005,男,10,高,旧页面,否,TRUE
1006,女,2,高,旧页面,是,FALSE
1007,男,3,高,旧页面,否,FALSE
1008,男,11,高,新页面,否,FALSE
1009,女,191,高,旧页面,是,TRUE
1010,男,2,高,旧页面,否,FALSE
1011,男,3,高,新页面,否,FALSE
1012,男,45,高,旧页面,否,FALSE
1013,女,8,高,新页面,是,TRUE
1014,女,20,高,新页面,是,FALSE
1015,男,16,高,旧页面,否,FALSE
1016,男,18,高,旧页面,否,FALSE
1017,男,52,高,新页面,否,FALSE
1018,男,3,高,旧页面,否,FALSE
1019,男,2,高,旧页面,否,FALSE
1020,男,3,高,新页面,否,FALSE
1021,男,4,高,旧页面,否,FALSE
1022,男,8,高,旧页面,否,FALSE
1023,男,19,高,新页面,否,FALSE
1024,女,3,高,旧页面,是,FALSE
1025,男,4,高,旧页面,否,FALSE
1026,男,65,高,新页面,否,FALSE
1027,男,1,高,旧页面,否,FALSE
1028,女,199,高,旧页面,是,TRUE
1029,女,24,高,旧页面,是,FALSE
1030,男,3,高,新页面,否,FALSE
1031,女,74,高,新页面,是,FALSE
1032,女,197,高,旧页面,是,TRUE
1033,男,40,高,旧页面,否,FALSE
1034,男,9,高,新页面,否,FALSE
1035,男,29,高,新页面,否,FALSE
1036,女,66,高,新页面,是,FALSE
1037,女,48,高,新页面,是,FALSE
1038,男,14,高,新页面,否,FALSE
1039,男,15,高,新页面,否,FALSE
1040,女,50,高,旧页面,是,FALSE
1041,男,2,高,旧页面,否,FALSE
1042,女,39,高,新页面,是,FALSE
1043,男,16,高,旧页面,否,FALSE
1044,女,6,高,旧页面,是,FALSE
1045,男,124,高,新页面,否,TRUE
1046,男,0,高,新页面,否,FALSE
1047,男,4,高,新页面,否,FALSE
1048,女,93,高,旧页面,是,TRUE
1049,女,41,高,旧页面,是,FALSE
1050,男,2,高,旧页面,否,FALSE
1051,女,16,高,旧页面,是,FALSE
1052,男,8,高,旧页面,否,FALSE
1053,男,4,高,新页面,否,FALSE
1054,女,38,高,旧页面,是,FALSE
1055,女,91,高,旧页面,是,TRUE
1056,男,19,高,旧页面,否,FALSE
1057,女,344,高,旧页面,是,TRUE
1058,男,73,高,新页面,否,FALSE
1059,男,11,高,新页面,否,FALSE
1060,女,2,高,旧页面,是,FALSE
1061,女,51,高,旧页面,是,FALSE
1062,男,1,高,旧页面,否,FALSE
1063,女,33,高,新页面,是,TRUE
1064,女,142,高,新页面,是,FALSE
1065,女,44,高,旧页面,是,FALSE
1066,女,44,高,新页面,是,FALSE
1067,女,222,高,旧页面,是,TRUE
1068,男,11,高,旧页面,否,FALSE
1069,男,14,高,新页面,否,FALSE
1070,男,6,高,新页面,否,FALSE
1071,女,12,高,旧页面,是,FALSE
1072,女,15,高,新页面,是,FALSE
1073,女,200,高,旧页面,是,TRUE
1074,女,6,高,新页面,是,FALSE
1075,男,35,高,旧页面,否,FALSE
1076,男,3,高,旧页面,否,FALSE
1077,男,5,高,旧页面,否,TRUE
1078,男,13,高,旧页面,否,FALSE
1079,女,17,高,旧页面,是,FALSE
1080,男,3,高,旧页面,否,FALSE
1081,女,43,高,旧页面,是,FALSE
1082,女,4,高,新页面,是,FALSE
1083,男,2,高,新页面,否,FALSE
1084,男,64,高,新页面,否,FALSE
1085,男,399,高,旧页面,否,TRUE
1086,女,60,高,旧页面,是,FALSE
1087,女,216,高,新页面,是,FALSE
1088,女,42,高,新页面,是,FALSE
1089,女,18,高,新页面,是,FALSE
1090,男,15,高,新页面,否,FALSE
1091,男,1,高,新页面,否,FALSE
1092,男,14,高,旧页面,否,FALSE
1093,男,129,高,旧页面,否,TRUE
1094,男,2,高,新页面,否,FALSE
1095,男,2,高,新页面,否,FALSE
1096,男,26,高,旧页面,否,FALSE
1097,女,12,高,旧页面,是,FALSE
1098,男,13,高,新页面,否,FALSE
1099,女,17,高,新页面,是,FALSE
1100,女,13,高,新页面,是,FALSE
1101,男,7,高,旧页面,否,FALSE
1102,女,23,高,旧页面,是,FALSE
1103,男,33,高,旧页面,否,FALSE
1104,男,38,高,旧页面,否,FALSE
1105,女,36,高,新页面,是,TRUE
1106,女,55,高,新页面,是,FALSE
1107,女,159,高,旧页面,是,TRUE
1108,男,11,高,旧页面,否,FALSE
1109,男,4,高,旧页面,否,FALSE
1110,男,2,高,旧页面,否,FALSE
1111,女,69,高,新页面,是,TRUE
1112,女,74,高,旧页面,是,FALSE
1113,男,4,高,旧页面,否,FALSE
1114,男,4,高,旧页面,否,FALSE
1115,女,113,高,旧页面,是,FALSE
1116,男,1,高,旧页面,否,FALSE
1117,男,5,高,新页面,否,FALSE
1118,男,0,高,新页面,否,FALSE
1119,女,36,高,新页面,是,FALSE
1120,女,139,高,新页面,是,TRUE
1121,女,79,高,新页面,是,FALSE
1122,女,50,高,旧页面,是,FALSE
1123,男,11,高,新页面,否,FALSE
1124,女,331,高,旧页面,是,TRUE
1125,男,12,高,旧页面,否,FALSE
1126,女,29,高,新页面,是,FALSE
1127,男,26,高,新页面,否,FALSE
1128,女,117,高,新页面,是,FALSE
1129,女,7,高,新页面,是,FALSE
1130,男,23,高,新页面,否,FALSE
1131,男,26,高,新页面,否,FALSE
1132,男,2,高,新页面,否,FALSE
1133,女,40,高,新页面,是,FALSE
1134,男,15,高,旧页面,否,FALSE
1135,女,32,高,新页面,是,FALSE
1136,女,10,高,新页面,是,FALSE
1137,女,432,高,旧页面,是,TRUE
1138,男,2,高,新页面,否,FALSE
1139,女,8,高,旧页面,是,FALSE
1140,女,16,高,新页面,是,FALSE
1141,女,148,高,新页面,是,TRUE
1142,男,2,高,旧页面,否,FALSE
1143,男,2,高,旧页面,否,FALSE
1144,男,1,高,新页面,否,FALSE
1145,男,4,高,旧页面,否,FALSE
1146,男,4,高,旧页面,否,TRUE
1147,女,149,高,旧页面,是,TRUE
1148,男,13,高,旧页面,否,FALSE
1149,男,5,高,新页面,否,FALSE
1150,男,21,高,旧页面,否,TRUE
1151,男,80,高,旧页面,否,TRUE
1152,男,1,高,新页面,否,FALSE
1153,男,0,高,新页面,否,FALSE
1154,男,12,高,旧页面,否,FALSE
1155,男,1,高,新页面,否,FALSE
1156,男,9,高,旧页面,否,FALSE
1157,男,15,高,旧页面,否,FALSE
1158,男,13,高,旧页面,否,FALSE
1159,女,9,高,新页面,是,FALSE
1160,女,12,高,旧页面,是,FALSE
1161,男,2,高,新页面,否,FALSE
1162,男,7,高,旧页面,否,FALSE
1163,男,45,高,旧页面,否,FALSE
1164,男,18,高,旧页面,否,FALSE
1165,女,43,高,新页面,是,TRUE
1166,女,284,高,新页面,是,TRUE
1167,女,9,高,旧页面,是,FALSE
1168,男,5,高,新页面,否,FALSE
1169,女,181,高,旧页面,是,TRUE
1170,女,21,高,新页面,是,FALSE
1171,男,27,高,新页面,否,FALSE
1172,女,39,高,旧页面,是,FALSE
1173,女,19,高,新页面,是,TRUE
1174,女,32,高,新页面,是,FALSE
1175,女,75,高,旧页面,是,TRUE
1176,男,0,高,新页面,否,FALSE
1177,男,10,高,旧页面,否,FALSE
1178,女,34,高,新页面,是,FALSE
1179,女,4,高,旧页面,是,FALSE
1180,男,22,高,旧页面,否,FALSE
1181,女,16,高,新页面,是,FALSE
1182,女,59,高,旧页面,是,TRUE
1183,女,231,高,旧页面,是,TRUE
1184,男,2,高,旧页面,否,FALSE
1185,男,8,高,新页面,否,FALSE
1186,男,0,高,新页面,否,FALSE
1187,男,3,高,新页面,否,FALSE
1188,女,311,高,旧页面,是,TRUE
1189,男,6,高,新页面,否,FALSE
1190,女,103,高,新页面,是,TRUE
1191,男,80,高,旧页面,否,TRUE
1192,男,2,高,新页面,否,FALSE
1193,女,70,高,旧页面,是,TRUE
1194,男,10,高,新页面,否,FALSE
1195,男,3,高,新页面,否,FALSE
1196,女,27,高,旧页面,是,FALSE
1197,男,2,高,新页面,否,FALSE
1198,男,51,高,旧页面,否,TRUE
1199,女,81,高,旧页面,是,FALSE
1200,男,28,高,新页面,否,FALSE
1201,男,13,高,新页面,否,FALSE
1202,女,44,高,旧页面,是,FALSE
1203,男,10,高,新页面,否,FALSE
1204,女,12,高,旧页面,是,FALSE
1205,男,124,高,新页面,否,TRUE
1206,男,1,高,旧页面,否,FALSE
1207,男,23,高,旧页面,否,FALSE
1208,男,36,高,新页面,否,FALSE
1209,男,6,高,旧页面,否,FALSE
1210,男,2,高,新页面,否,FALSE
1211,女,3,高,新页面,是,FALSE
1212,男,11,高,新页面,否,FALSE
1213,女,66,高,新页面,是,TRUE
1214,女,35,高,新页面,是,FALSE
1215,女,9,高,新页面,是,FALSE
1216,女,28,高,新页面,是,FALSE
1217,女,29,高,旧页面,是,FALSE
1218,男,1,高,新页面,否,FALSE
1219,男,3,高,旧页面,否,FALSE
1220,女,57,高,新页面,是,TRUE
1221,男,24,高,新页面,否,FALSE
1222,女,13,高,新页面,是,TRUE
1223,女,4,高,新页面,是,FALSE
1224,男,8,高,旧页面,否,FALSE
1225,男,1,高,旧页面,否,FALSE
1226,女,15,高,旧页面,是,FALSE
1227,男,10,高,旧页面,否,FALSE
1228,女,57,高,新页面,是,FALSE
1229,男,4,高,新页面,否,FALSE
1230,男,1,高,旧页面,否,FALSE
1231,男,0,高,新页面,否,FALSE
1232,女,52,高,旧页面,是,FALSE
1233,男,1,高,旧页面,否,FALSE
1234,女,18,高,旧页面,是,FALSE
1235,男,3,高,旧页面,否,FALSE
1236,男,7,高,新页面,否,FALSE
1237,男,29,高,新页面,否,FALSE
1238,男,9,高,旧页面,否,FALSE
1239,女,87,高,新页面,是,TRUE
1240,女,45,高,旧页面,是,FALSE
1241,男,6,高,旧页面,否,FALSE
1242,男,5,高,旧页面,否,FALSE
1243,女,25,高,新页面,是,FALSE
1244,女,75,高,新页面,是,TRUE
1245,女,22,高,新页面,是,TRUE
1246,男,3,高,旧页面,否,FALSE
1247,男,1,高,新页面,否,FALSE
1248,男,7,高,旧页面,否,FALSE
1249,男,30,高,新页面,否,TRUE
1250,女,186,高,旧页面,是,TRUE
1251,男,3,高,新页面,否,FALSE
1252,女,53,高,旧页面,是,FALSE
1253,女,3,高,旧页面,是,FALSE
1254,男,3,高,新页面,否,FALSE
1255,男,29,高,新页面,否,FALSE
1256,女,2,高,旧页面,是,FALSE
1257,女,15,高,旧页面,是,FALSE
1258,女,134,高,新页面,是,TRUE
1259,男,2,高,旧页面,否,FALSE
1260,男,16,高,旧页面,否,FALSE
1261,女,347,高,旧页面,是,TRUE
1262,男,29,高,新页面,否,FALSE
1263,男,12,高,新页面,否,FALSE
1264,女,95,高,新页面,是,FALSE
1265,男,76,高,新页面,否,TRUE
1266,女,22,高,新页面,是,TRUE
1267,男,6,高,新页面,否,FALSE
1268,男,7,高,新页面,否,FALSE
1269,女,18,高,新页面,是,TRUE
1270,男,11,高,旧页面,否,FALSE
1271,女,71,高,新页面,是,FALSE
1272,男,8,高,旧页面,否,FALSE
1273,女,12,高,新页面,是,TRUE
1274,男,22,高,旧页面,否,FALSE
1275,男,6,高,旧页面,否,FALSE
1276,男,0,高,新页面,否,FALSE
1277,女,211,高,旧页面,是,FALSE
1278,男,3,高,新页面,否,FALSE
1279,男,10,高,旧页面,否,FALSE
1280,男,137,高,旧页面,否,TRUE
1281,男,0,高,新页面,否,FALSE
1282,男,1,高,新页面,否,FALSE
1283,男,1,高,新页面,否,FALSE
1284,女,30,高,新页面,是,FALSE
1285,男,49,高,新页面,否,FALSE
1286,女,50,高,新页面,是,FALSE
1287,男,0,高,旧页面,否,FALSE
1288,男,42,高,新页面,否,TRUE
1289,男,4,高,旧页面,否,FALSE
1290,男,14,高,旧页面,否,FALSE
1291,女,60,高,旧页面,是,FALSE
1292,男,5,高,新页面,否,FALSE
1293,男,3,高,旧页面,否,FALSE
1294,女,30,高,新页面,是,FALSE
1295,女,35,高,新页面,是,TRUE
1296,男,3,高,新页面,否,FALSE
1297,女,116,高,新页面,是,TRUE
1298,男,70,高,新页面,否,FALSE
1299,女,45,高,新页面,是,TRUE
1300,女,74,高,新页面,是,FALSE
1301,男,60,高,新页面,否,TRUE
1302,女,169,高,新页面,是,TRUE
1303,男,6,高,旧页面,否,FALSE
1304,男,42,高,新页面,否,FALSE
1305,男,35,高,旧页面,否,TRUE
1306,女,43,高,新页面,是,FALSE
1307,男,11,高,新页面,否,FALSE
1308,女,185,高,新页面,是,FALSE
1309,男,2,高,新页面,否,FALSE
1310,男,21,高,新页面,否,FALSE
1311,男,10,高,新页面,否,FALSE
1312,女,15,高,新页面,是,FALSE
1313,女,34,高,新页面,是,FALSE
1314,女,27,高,旧页面,是,FALSE
1315,女,222,高,旧页面,是,TRUE
1316,男,0,高,新页面,否,FALSE
1317,男,0,高,旧页面,否,FALSE
1318,女,20,高,新页面,是,FALSE
1319,女,32,高,新页面,是,TRUE
1320,男,13,高,旧页面,否,FALSE
1321,女,20,高,旧页面,是,FALSE
1322,男,3,高,旧页面,否,FALSE
1323,男,11,高,新页面,否,FALSE
1324,男,12,高,新页面,否,FALSE
1325,男,25,高,旧页面,否,FALSE
1326,女,31,高,旧页面,是,FALSE
1327,男,0,高,旧页面,否,FALSE
1328,女,62,高,新页面,是,FALSE
1329,男,12,高,新页面,否,FALSE
1330,男,3,高,旧页面,否,FALSE
1331,男,3,高,新页面,否,FALSE
1332,男,7,高,新页面,否,FALSE
1333,男,3,高,新页面,否,FALSE
1334,男,3,高,新页面,否,FALSE
1335,男,22,高,旧页面,否,FALSE
1336,女,118,高,新页面,是,FALSE
1337,女,24,高,新页面,是,FALSE
1338,男,4,高,新页面,否,FALSE
1339,女,19,高,旧页面,是,FALSE
1340,男,16,高,新页面,否,FALSE
1341,女,18,高,新页面,是,FALSE
1342,女,28,高,旧页面,是,FALSE
1343,女,117,高,新页面,是,TRUE
1344,女,7,高,旧页面,是,FALSE
1345,女,37,高,新页面,是,FALSE
1346,女,20,高,新页面,是,FALSE
1347,男,1,高,旧页面,否,FALSE
1348,男,4,高,新页面,否,FALSE
1349,女,9,高,旧页面,是,FALSE
1350,女,23,高,旧页面,是,FALSE
1351,男,1,高,旧页面,否,FALSE
1352,女,87,高,新页面,是,FALSE
1353,女,103,高,新页面,是,TRUE
1354,男,29,高,新页面,否,FALSE
1355,男,5,高,旧页面,否,FALSE
1356,男,28,高,新页面,否,FALSE
1357,女,25,高,新页面,是,FALSE
1358,男,16,高,旧页面,否,FALSE
1359,女,212,高,旧页面,是,TRUE
1360,男,12,高,旧页面,否,TRUE
1361,女,31,高,新页面,是,FALSE
1362,女,5,高,旧页面,是,FALSE
1363,男,12,高,旧页面,否,FALSE
1364,女,23,高,旧页面,是,FALSE
1365,男,49,高,新页面,否,TRUE
1366,男,16,高,新页面,否,FALSE
1367,男,10,高,旧页面,否,FALSE
1368,男,3,高,新页面,否,FALSE
1369,男,3,高,旧页面,否,FALSE
1370,男,1,高,新页面,否,FALSE
1371,男,1,高,旧页面,否,FALSE
1372,女,32,高,新页面,是,FALSE
1373,男,3,高,新页面,否,FALSE
1374,女,24,高,旧页面,是,TRUE
1375,女,62,高,旧页面,是,FALSE
1376,女,16,高,新页面,是,FALSE
1377,女,313,高,新页面,是,TRUE
1378,男,21,高,新页面,否,FALSE
1379,女,42,高,旧页面,是,FALSE
1380,男,2,高,旧页面,否,FALSE
1381,女,16,高,新页面,是,FALSE
1382,女,57,高,新页面,是,TRUE
1383,男,8,高,新页面,否,FALSE
1384,女,33,高,新页面,是,FALSE
1385,男,1,高,新页面,否,FALSE
1386,女,43,高,旧页面,是,FALSE
1387,男,0,高,旧页面,否,FALSE
1388,女,294,高,新页面,是,FALSE
1389,男,4,高,旧页面,否,FALSE
1390,男,0,高,旧页面,否,FALSE
1391,女,16,高,旧页面,是,FALSE
1392,男,37,高,旧页面,否,FALSE
1393,男,5,高,旧页面,否,FALSE
1394,男,2,高,旧页面,否,FALSE
1395,女,17,高,新页面,是,FALSE
1396,女,41,高,新页面,是,FALSE
1397,男,3,高,新页面,否,FALSE
1398,男,2,高,旧页面,否,FALSE
1399,男,6,高,旧页面,否,FALSE
1400,男,12,高,旧页面,否,FALSE
1401,女,141,高,新页面,是,FALSE
1402,男,15,高,旧页面,否,FALSE
1403,男,5,高,新页面,否,FALSE
1404,男,3,高,旧页面,否,FALSE
1405,男,44,高,旧页面,否,FALSE
1406,男,4,高,旧页面,否,FALSE
1407,女,58,高,旧页面,是,FALSE
1408,女,384,高,旧页面,是,TRUE
1409,女,41,高,旧页面,是,FALSE
1410,男,0,高,新页面,否,FALSE
1411,女,32,高,旧页面,是,FALSE
1412,女,21,高,新页面,是,FALSE
1413,男,4,高,新页面,否,FALSE
1414,女,12,高,新页面,是,FALSE
1415,男,2,高,新页面,否,FALSE
1416,女,9,高,新页面,是,FALSE
1417,男,8,高,旧页面,否,TRUE
1418,男,16,高,旧页面,否,FALSE
1419,女,253,高,旧页面,是,TRUE
1420,女,9,高,旧页面,是,FALSE
1421,女,35,高,旧页面,是,TRUE
1422,男,2,高,旧页面,否,FALSE
1423,男,13,高,新页面,否,FALSE
1424,男,0,高,旧页面,否,FALSE
1425,男,14,高,旧页面,否,FALSE
1426,女,32,高,新页面,是,FALSE
1427,女,93,高,新页面,是,TRUE
1428,男,4,高,新页面,否,FALSE
1429,女,109,高,新页面,是,TRUE
1430,男,53,高,旧页面,否,TRUE
1431,女,79,高,新页面,是,FALSE
1432,男,0,高,旧页面,否,FALSE
1433,男,12,高,新页面,否,FALSE
1434,女,331,高,新页面,是,TRUE
1435,男,9,高,旧页面,否,FALSE
1436,女,12,高,旧页面,是,FALSE
1437,女,114,高,新页面,是,FALSE
1438,男,2,高,旧页面,否,FALSE
1439,女,30,高,新页面,是,FALSE
1440,男,1,高,新页面,否,FALSE
1441,女,144,高,旧页面,是,FALSE
1442,男,0,高,新页面,否,FALSE
1443,女,64,高,旧页面,是,FALSE
1444,女,59,高,新页面,是,FALSE
1445,女,6,高,旧页面,是,FALSE
1446,男,1,高,新页面,否,FALSE
1447,男,10,高,新页面,否,FALSE
1448,男,15,高,新页面,否,FALSE
1449,男,1,高,新页面,否,FALSE
1450,男,15,高,新页面,否,FALSE
1451,女,409,高,旧页面,是,TRUE
1452,女,45,高,旧页面,是,FALSE
1453,男,19,高,新页面,否,FALSE
1454,女,8,高,新页面,是,FALSE
1455,男,6,高,旧页面,否,FALSE
1456,男,56,高,新页面,否,FALSE
1457,女,28,高,新页面,是,FALSE
1458,男,6,高,旧页面,否,FALSE
1459,男,4,高,旧页面,否,FALSE
1460,男,0,高,新页面,否,FALSE
1461,男,75,高,旧页面,否,TRUE
1462,女,22,高,新页面,是,TRUE
1463,男,3,高,旧页面,否,FALSE
1464,男,5,高,新页面,否,FALSE
1465,男,6,高,新页面,否,FALSE
1466,男,14,高,新页面,否,FALSE
1467,女,83,高,新页面,是,FALSE
1468,男,5,高,旧页面,否,TRUE
1469,女,32,高,旧页面,是,TRUE
1470,男,31,高,新页面,否,FALSE
1471,男,1,高,新页面,否,FALSE
1472,男,1,高,新页面,否,FALSE
1473,男,343,高,旧页面,否,TRUE
1474,男,3,高,旧页面,否,FALSE
1475,女,37,高,新页面,是,FALSE
1476,男,0,高,旧页面,否,FALSE
1477,男,10,高,新页面,否,FALSE
1478,女,62,高,旧页面,是,TRUE
1479,男,8,高,旧页面,否,FALSE
1480,男,18,高,新页面,否,FALSE
1481,男,16,高,新页面,否,FALSE
1482,女,21,低,旧页面,是,FALSE
1483,女,75,低,旧页面,是,FALSE
1484,男,168,低,旧页面,否,TRUE
1485,男,5,低,新页面,是,FALSE
1486,男,6,低,新页面,是,FALSE
1487,男,2,低,旧页面,否,FALSE
1488,女,327,低,旧页面,是,FALSE
1489,女,39,低,旧页面,是,FALSE
1490,男,3,低,新页面,是,FALSE
1491,女,4,低,旧页面,是,FALSE
1492,男,14,低,旧页面,否,FALSE
1493,女,133,低,新页面,是,TRUE
1494,男,3,低,新页面,是,FALSE
1495,女,379,低,旧页面,是,TRUE
1496,女,43,低,旧页面,是,FALSE
1497,男,15,低,新页面,是,FALSE
1498,女,68,低,旧页面,是,FALSE
1499,女,337,低,新页面,是,TRUE
1500,男,5,低,新页面,是,FALSE
1501,男,3,低,旧页面,否,FALSE
1502,男,0,低,新页面,是,FALSE
1503,男,13,低,新页面,是,FALSE
1504,女,9,低,旧页面,是,FALSE
1505,女,94,低,新页面,是,FALSE
1506,女,470,低,旧页面,是,TRUE
1507,男,7,低,新页面,是,FALSE
1508,女,105,低,旧页面,是,TRUE
1509,男,62,低,新页面,是,TRUE
1510,男,4,低,旧页面,否,FALSE
1511,男,12,低,新页面,是,FALSE
1512,女,15,低,旧页面,是,FALSE
1513,女,44,低,新页面,是,FALSE
1514,女,6,低,新页面,是,FALSE
1515,女,73,低,旧页面,是,TRUE
1516,女,32,低,旧页面,是,FALSE
1517,女,69,低,新页面,是,TRUE
1518,女,27,低,新页面,是,FALSE
1519,男,51,低,新页面,是,FALSE
1520,女,378,低,新页面,是,TRUE
1521,男,14,低,旧页面,否,FALSE
1522,女,288,低,新页面,是,TRUE
1523,男,44,低,旧页面,否,FALSE
1524,男,22,低,旧页面,否,FALSE
1525,男,1,低,新页面,是,FALSE
1526,男,37,低,新页面,是,FALSE
1527,男,18,低,新页面,是,FALSE
1528,女,81,低,新页面,是,TRUE
1529,女,33,低,旧页面,是,TRUE
1530,男,0,低,旧页面,否,FALSE
1531,女,128,低,旧页面,是,FALSE
1532,男,6,低,新页面,是,FALSE
1533,男,6,低,旧页面,否,FALSE
1534,男,3,低,新页面,是,FALSE
1535,男,0,低,旧页面,否,FALSE
1536,女,7,低,旧页面,是,FALSE
1537,女,20,低,旧页面,是,FALSE
1538,女,13,低,新页面,是,FALSE
1539,男,64,低,旧页面,否,FALSE
1540,女,435,低,新页面,是,TRUE
1541,男,21,低,旧页面,否,FALSE
1542,女,138,低,新页面,是,FALSE
1543,女,229,低,新页面,是,TRUE
1544,男,3,低,新页面,是,FALSE
1545,男,7,低,旧页面,否,FALSE
1546,女,8,低,旧页面,是,FALSE
1547,男,6,低,旧页面,否,FALSE
1548,男,19,低,旧页面,否,FALSE
1549,女,8,低,旧页面,是,FALSE
1550,女,19,低,旧页面,是,FALSE
1551,男,11,低,新页面,是,TRUE
1552,男,7,低,旧页面,否,FALSE
1553,女,23,低,旧页面,是,FALSE
1554,女,10,低,新页面,是,FALSE
1555,男,1,低,新页面,是,FALSE
1556,女,65,低,旧页面,是,TRUE
1557,男,8,低,新页面,否,FALSE
1558,女,36,低,新页面,是,FALSE
1559,男,9,低,新页面,否,FALSE
1560,男,5,低,旧页面,否,FALSE
1561,女,84,低,新页面,是,FALSE
1562,女,13,低,新页面,是,FALSE
1563,男,1,低,旧页面,否,FALSE
1564,女,47,低,旧页面,是,FALSE
1565,女,75,低,新页面,是,FALSE
1566,女,62,低,旧页面,是,FALSE
1567,男,8,低,旧页面,否,FALSE
1568,男,34,低,新页面,否,FALSE
1569,男,1,低,旧页面,否,FALSE
1570,女,210,低,旧页面,是,TRUE
1571,男,9,低,旧页面,否,FALSE
1572,女,31,低,新页面,是,FALSE
1573,男,9,低,新页面,否,FALSE
1574,女,27,低,新页面,是,FALSE
1575,女,14,低,新页面,是,FALSE
1576,男,5,低,新页面,否,FALSE
1577,女,402,低,旧页面,是,TRUE
1578,女,19,低,新页面,是,FALSE
1579,女,174,低,旧页面,是,TRUE
1580,男,14,低,旧页面,否,FALSE
1581,女,388,低,旧页面,是,TRUE
1582,女,114,低,新页面,是,TRUE
1583,男,9,低,新页面,否,FALSE
1584,女,51,低,新页面,是,FALSE
1585,男,9,低,新页面,否,FALSE
1586,女,255,低,旧页面,是,TRUE
1587,男,14,低,新页面,否,FALSE
1588,男,15,低,新页面,否,FALSE
1589,女,80,低,新页面,是,TRUE
1590,男,36,低,旧页面,否,FALSE
1591,男,4,低,新页面,否,FALSE
1592,男,0,低,新页面,否,FALSE
1593,男,1,低,新页面,否,FALSE
1594,男,1,低,旧页面,否,FALSE
1595,男,1,低,旧页面,否,FALSE
1596,男,5,低,新页面,否,FALSE
1597,男,15,低,旧页面,否,FALSE
1598,男,0,低,新页面,否,FALSE
1599,女,320,低,旧页面,是,TRUE
1600,女,10,低,新页面,是,FALSE
1601,女,20,低,旧页面,是,FALSE
1602,男,2,低,新页面,否,FALSE
1603,男,11,低,旧页面,否,TRUE
1604,女,9,低,新页面,是,FALSE
1605,男,17,低,旧页面,否,FALSE
1606,女,46,低,旧页面,是,TRUE
1607,男,1,低,旧页面,否,FALSE
1608,男,1,低,新页面,否,FALSE
1609,男,52,低,旧页面,否,FALSE
1610,女,23,低,旧页面,是,FALSE
1611,男,5,低,旧页面,否,FALSE
1612,男,5,低,旧页面,否,FALSE
1613,男,14,低,新页面,否,FALSE
1614,女,28,低,新页面,是,FALSE
1615,男,2,低,旧页面,否,FALSE
1616,男,13,低,旧页面,否,FALSE
1617,女,256,低,新页面,是,TRUE
1618,男,5,低,新页面,否,FALSE
1619,女,17,低,旧页面,是,FALSE
1620,女,143,低,旧页面,是,TRUE
1621,女,12,低,新页面,是,FALSE
1622,男,0,低,新页面,否,FALSE
1623,男,17,低,新页面,否,FALSE
1624,男,52,低,旧页面,否,FALSE
1625,女,292,低,新页面,是,TRUE
1626,男,26,低,新页面,否,FALSE
1627,女,1,低,旧页面,是,FALSE
1628,男,1,低,新页面,否,FALSE
1629,女,41,低,旧页面,是,FALSE
1630,男,18,低,旧页面,否,FALSE
1631,女,32,低,新页面,是,FALSE
1632,女,48,低,旧页面,是,FALSE
1633,男,1,低,旧页面,否,FALSE
1634,男,0,低,新页面,否,FALSE
1635,男,18,低,旧页面,否,TRUE
1636,男,2,低,旧页面,否,FALSE
1637,男,1,低,新页面,否,FALSE
1638,女,43,低,新页面,是,FALSE
1639,女,33,低,新页面,是,FALSE
1640,男,5,低,旧页面,否,FALSE
1641,男,1,低,旧页面,否,FALSE
1642,女,69,低,旧页面,是,FALSE
1643,男,8,低,新页面,否,FALSE
1644,女,15,低,新页面,是,FALSE
1645,男,83,低,新页面,否,FALSE
1646,男,3,低,新页面,否,FALSE
1647,男,2,低,旧页面,否,FALSE
1648,男,8,低,旧页面,否,FALSE
1649,男,5,低,旧页面,否,FALSE
1650,女,3,低,新页面,是,FALSE
1651,男,22,低,新页面,否,FALSE
1652,男,30,低,新页面,否,FALSE
1653,男,4,低,旧页面,否,FALSE
1654,男,84,低,旧页面,否,FALSE
1655,女,27,低,旧页面,是,FALSE
1656,男,163,低,旧页面,否,FALSE
1657,女,2,低,新页面,是,FALSE
1658,女,61,低,新页面,是,FALSE
1659,女,35,低,旧页面,是,FALSE
1660,男,7,低,旧页面,否,FALSE
1661,女,129,低,旧页面,是,FALSE
1662,男,5,低,新页面,否,FALSE
1663,女,16,低,旧页面,是,FALSE
1664,女,13,低,新页面,是,FALSE
1665,男,9,低,新页面,否,FALSE
1666,女,104,低,新页面,是,FALSE
1667,男,1,低,旧页面,否,FALSE
1668,女,36,低,旧页面,是,FALSE
1669,女,11,低,旧页面,是,FALSE
1670,女,63,低,新页面,是,FALSE
1671,男,4,低,新页面,否,FALSE
1672,男,19,低,新页面,否,FALSE
1673,女,294,低,新页面,是,TRUE
1674,女,2,低,旧页面,是,FALSE
1675,女,7,低,旧页面,是,FALSE
1676,女,38,低,旧页面,是,FALSE
1677,男,12,低,旧页面,否,FALSE
1678,男,5,低,新页面,否,FALSE
1679,女,64,低,新页面,是,TRUE
1680,男,7,低,新页面,否,FALSE
1681,男,62,低,新页面,否,TRUE
1682,男,6,低,旧页面,否,TRUE
1683,男,12,低,新页面,否,FALSE
1684,男,1,低,旧页面,否,FALSE
1685,女,155,低,旧页面,是,TRUE
1686,男,1,低,新页面,否,FALSE
1687,男,64,低,新页面,否,FALSE
1688,女,56,低,旧页面,是,FALSE
1689,男,462,低,新页面,否,TRUE
1690,男,4,低,旧页面,否,FALSE
1691,女,12,低,旧页面,是,FALSE
1692,男,4,低,旧页面,否,FALSE
1693,女,57,低,旧页面,是,FALSE
1694,女,41,低,旧页面,是,TRUE
1695,女,181,低,新页面,是,TRUE
1696,女,65,低,新页面,是,FALSE
1697,男,4,低,新页面,否,FALSE
1698,男,15,低,新页面,否,FALSE
1699,男,11,低,旧页面,否,FALSE
1700,男,28,低,新页面,否,TRUE
1701,男,11,低,新页面,否,FALSE
1702,女,89,低,旧页面,是,TRUE
1703,女,34,低,旧页面,是,FALSE
1704,男,10,低,旧页面,否,FALSE
1705,女,24,低,旧页面,是,FALSE
1706,女,20,低,新页面,是,FALSE
1707,男,1,低,旧页面,否,FALSE
1708,女,2,低,旧页面,是,FALSE
1709,女,6,低,新页面,是,FALSE
1710,女,22,低,新页面,是,FALSE
1711,女,37,低,旧页面,是,FALSE
1712,女,28,低,旧页面,是,FALSE
1713,男,1,低,旧页面,否,FALSE
1714,女,153,低,旧页面,是,FALSE
1715,女,33,低,旧页面,是,FALSE
1716,女,6,低,新页面,是,FALSE
1717,男,2,低,新页面,否,FALSE
1718,男,17,低,新页面,否,FALSE
1719,女,89,低,旧页面,是,TRUE
1720,女,9,低,旧页面,是,FALSE
1721,男,18,低,旧页面,否,FALSE
1722,女,30,低,旧页面,是,FALSE
1723,男,41,低,新页面,否,FALSE
1724,女,53,低,旧页面,是,TRUE
1725,女,133,低,新页面,是,TRUE
1726,女,217,低,旧页面,是,TRUE
1727,男,8,低,新页面,否,FALSE
1728,女,6,低,新页面,是,FALSE
1729,男,5,低,新页面,否,FALSE
1730,男,6,低,新页面,否,FALSE
1731,男,19,低,新页面,否,FALSE
1732,男,9,低,旧页面,否,FALSE
1733,男,13,低,旧页面,否,FALSE
1734,女,6,低,旧页面,是,FALSE
1735,女,39,低,新页面,是,FALSE
1736,男,7,低,旧页面,否,FALSE
1737,男,1,低,新页面,否,FALSE
1738,女,299,低,旧页面,是,TRUE
1739,女,99,低,新页面,是,FALSE
1740,男,6,低,旧页面,否,FALSE
1741,男,5,低,新页面,否,FALSE
1742,男,2,低,新页面,否,FALSE
1743,女,17,低,新页面,是,FALSE
1744,女,1,低,旧页面,是,FALSE
1745,男,59,低,旧页面,否,TRUE
1746,男,13,低,新页面,否,FALSE
1747,女,39,低,新页面,是,FALSE
1748,男,13,低,旧页面,否,FALSE
1749,女,41,低,新页面,是,TRUE
1750,男,7,低,旧页面,否,FALSE
1751,女,35,低,旧页面,是,FALSE
1752,女,14,低,新页面,是,FALSE
1753,男,17,低,新页面,否,FALSE
1754,女,4,低,旧页面,是,FALSE
1755,男,0,低,旧页面,否,FALSE
1756,女,196,低,新页面,是,FALSE
1757,女,284,低,旧页面,是,TRUE
1758,男,15,低,旧页面,否,FALSE
1759,女,59,低,新页面,是,TRUE
1760,女,18,低,旧页面,是,FALSE
1761,女,21,低,旧页面,是,FALSE
1762,男,2,低,新页面,否,FALSE
1763,女,88,低,新页面,是,TRUE
1764,女,393,低,新页面,是,TRUE
1765,女,159,低,新页面,是,FALSE
1766,女,40,低,旧页面,是,TRUE
1767,女,15,低,新页面,是,FALSE
1768,男,25,低,新页面,否,FALSE
1769,男,1,低,新页面,否,FALSE
1770,男,2,低,新页面,否,FALSE
1771,女,35,低,新页面,是,FALSE
1772,女,32,低,旧页面,是,FALSE
1773,男,25,低,新页面,否,FALSE
1774,女,37,低,旧页面,是,FALSE
1775,女,20,低,新页面,是,FALSE
1776,男,9,低,旧页面,否,FALSE
1777,女,34,低,旧页面,是,TRUE
1778,男,1,低,新页面,否,FALSE
1779,男,2,低,新页面,否,FALSE
1780,男,7,低,旧页面,否,FALSE
1781,男,65,低,新页面,否,FALSE
1782,男,29,低,旧页面,否,TRUE
1783,女,26,低,旧页面,是,FALSE
1784,男,6,低,新页面,否,FALSE
1785,男,17,低,新页面,否,FALSE
1786,男,1,低,旧页面,否,FALSE
1787,男,1,低,旧页面,否,FALSE
1788,男,24,低,新页面,否,FALSE
1789,女,0,低,旧页面,是,FALSE
1790,男,0,低,旧页面,否,FALSE
1791,男,2,低,新页面,否,FALSE
1792,女,40,低,新页面,是,TRUE
1793,女,61,低,新页面,是,FALSE
1794,女,123,低,新页面,是,FALSE
1795,男,3,低,旧页面,否,FALSE
1796,男,19,低,旧页面,否,FALSE
1797,女,85,低,旧页面,是,FALSE
1798,女,23,低,新页面,是,FALSE
1799,男,1,低,旧页面,否,FALSE
1800,女,18,低,新页面,是,FALSE
1801,男,1,低,新页面,否,FALSE
1802,女,33,低,新页面,是,FALSE
1803,男,4,低,新页面,否,FALSE
1804,男,24,低,新页面,否,FALSE
1805,女,91,低,新页面,是,FALSE
1806,女,17,低,新页面,是,FALSE
1807,男,2,低,新页面,否,FALSE
1808,女,36,低,旧页面,是,FALSE
1809,男,4,低,新页面,否,FALSE
1810,男,1,低,旧页面,否,FALSE
1811,男,24,低,新页面,否,FALSE
1812,男,67,低,新页面,否,TRUE
1813,男,7,低,旧页面,否,FALSE
1814,女,16,低,新页面,是,FALSE
1815,男,2,低,新页面,否,FALSE
1816,男,10,低,旧页面,否,FALSE
1817,女,459,低,新页面,是,TRUE
1818,女,261,低,新页面,是,TRUE
1819,男,5,低,旧页面,否,FALSE
1820,男,71,低,旧页面,否,FALSE
1821,女,109,低,新页面,是,TRUE
1822,女,35,低,新页面,是,FALSE
1823,女,49,低,旧页面,是,FALSE
1824,女,169,低,旧页面,是,TRUE
1825,女,45,低,旧页面,是,FALSE
1826,女,29,低,旧页面,是,FALSE
1827,男,5,低,新页面,否,FALSE
1828,女,11,低,旧页面,是,FALSE
1829,女,208,低,新页面,是,TRUE
1830,男,15,低,新页面,否,FALSE
1831,男,12,低,旧页面,否,FALSE
1832,男,17,低,旧页面,否,FALSE
1833,女,23,低,旧页面,是,FALSE
1834,女,35,低,旧页面,是,FALSE
1835,女,8,低,新页面,是,FALSE
1836,男,1,低,新页面,否,FALSE
1837,女,70,低,旧页面,是,FALSE
1838,男,13,低,旧页面,否,FALSE
1839,男,6,低,新页面,否,FALSE
1840,男,4,低,新页面,否,FALSE
1841,女,121,低,旧页面,是,FALSE
1842,女,10,低,新页面,是,FALSE
1843,男,9,低,旧页面,否,FALSE
1844,男,7,低,新页面,否,FALSE
1845,男,3,低,旧页面,否,FALSE
1846,男,2,低,新页面,否,FALSE
1847,女,131,低,旧页面,是,TRUE
1848,女,226,低,旧页面,是,TRUE
1849,女,38,低,新页面,是,FALSE
1850,女,29,低,旧页面,是,FALSE
1851,男,16,低,新页面,否,FALSE
1852,女,10,低,新页面,是,FALSE
1853,女,11,低,新页面,是,FALSE
1854,女,26,低,新页面,是,FALSE
1855,男,47,低,旧页面,否,FALSE
1856,男,0,低,旧页面,否,FALSE
1857,男,0,低,旧页面,否,FALSE
1858,男,1,低,新页面,否,FALSE
1859,女,179,低,新页面,是,TRUE
1860,男,61,低,旧页面,否,TRUE
1861,女,13,低,旧页面,是,FALSE
1862,男,6,低,旧页面,否,FALSE
1863,男,6,低,新页面,否,FALSE
1864,女,6,低,旧页面,是,TRUE
1865,女,19,低,新页面,是,FALSE
1866,男,1,低,新页面,否,FALSE
1867,男,3,低,旧页面,否,FALSE
1868,女,6,低,新页面,是,FALSE
1869,男,12,低,新页面,否,FALSE
1870,男,4,低,新页面,否,TRUE
1871,男,1,低,旧页面,否,FALSE
1872,男,0,低,旧页面,否,FALSE
1873,男,2,低,新页面,否,FALSE
1874,男,4,低,新页面,否,FALSE
1875,男,16,低,旧页面,否,FALSE
1876,女,99,低,旧页面,是,TRUE
1877,女,58,低,旧页面,是,TRUE
1878,男,1,低,旧页面,否,FALSE
1879,男,1,低,新页面,否,FALSE
1880,女,275,低,新页面,是,TRUE
1881,男,14,低,新页面,否,FALSE
1882,女,83,低,新页面,是,FALSE
1883,男,3,低,旧页面,否,FALSE
1884,男,5,低,旧页面,否,FALSE
1885,男,38,低,旧页面,否,TRUE
1886,女,141,低,新页面,是,TRUE
1887,男,1,低,新页面,否,FALSE
1888,女,152,低,新页面,是,TRUE
1889,男,4,低,旧页面,否,FALSE
1890,男,12,低,旧页面,否,FALSE
1891,男,32,低,旧页面,否,FALSE
1892,男,13,低,旧页面,否,FALSE
1893,男,41,低,旧页面,否,FALSE
1894,男,21,低,旧页面,否,FALSE
1895,女,5,低,新页面,是,FALSE
1896,男,36,低,新页面,否,FALSE
1897,女,131,低,新页面,是,TRUE
1898,女,67,低,新页面,是,FALSE
1899,女,19,低,旧页面,是,FALSE
1900,男,5,低,旧页面,否,FALSE
1901,女,30,低,新页面,是,FALSE
1902,男,60,低,新页面,否,TRUE
1903,男,0,低,新页面,否,FALSE
1904,男,7,低,旧页面,否,FALSE
1905,男,4,低,新页面,否,FALSE
1906,男,1,低,旧页面,否,FALSE
1907,女,7,低,新页面,是,FALSE
1908,男,33,低,旧页面,否,FALSE
1909,男,2,低,旧页面,否,FALSE
1910,女,5,低,新页面,是,FALSE
1911,男,30,低,新页面,否,FALSE
1912,女,19,低,新页面,是,FALSE
1913,女,314,低,旧页面,是,TRUE
1914,男,4,低,新页面,否,FALSE
1915,男,3,低,新页面,否,FALSE
1916,男,5,低,旧页面,否,FALSE
1917,男,8,低,新页面,否,FALSE
1918,男,5,低,新页面,否,FALSE
1919,女,32,低,旧页面,是,FALSE
1920,男,7,低,新页面,否,FALSE
1921,女,71,低,新页面,是,FALSE
1922,女,5,低,旧页面,是,FALSE
1923,男,0,低,旧页面,否,FALSE
1924,男,59,低,旧页面,否,FALSE
1925,男,22,低,旧页面,否,FALSE
1926,女,101,低,旧页面,是,FALSE
1927,男,14,低,旧页面,否,FALSE
1928,男,6,低,新页面,否,FALSE
1929,男,0,低,旧页面,否,FALSE
1930,男,9,低,旧页面,否,FALSE
1931,女,77,低,新页面,是,FALSE
1932,男,15,低,新页面,否,FALSE
1933,男,9,低,旧页面,否,FALSE
1934,女,34,低,旧页面,是,FALSE
1935,女,60,低,旧页面,是,FALSE
1936,女,195,低,新页面,是,FALSE
1937,女,10,低,旧页面,是,FALSE
1938,女,469,低,新页面,是,TRUE
1939,女,55,低,旧页面,是,FALSE
1940,女,75,低,旧页面,是,FALSE
1941,男,18,低,旧页面,否,FALSE
1942,男,6,低,新页面,否,FALSE
1943,男,75,低,新页面,否,FALSE
1944,男,7,低,新页面,否,FALSE
1945,女,17,低,新页面,是,FALSE
1946,男,2,低,新页面,否,FALSE
1947,女,6,低,旧页面,是,FALSE
1948,女,383,低,新页面,是,TRUE
1949,男,2,低,旧页面,否,TRUE
1950,男,1,低,旧页面,否,FALSE
1951,女,99,低,新页面,是,TRUE
1952,男,9,低,新页面,否,FALSE
1953,女,228,低,旧页面,是,TRUE
1954,女,196,低,旧页面,是,TRUE
1955,男,57,低,新页面,否,TRUE
1956,女,165,低,新页面,是,TRUE
1957,男,1,低,旧页面,否,FALSE
1958,男,24,低,旧页面,否,FALSE
1959,男,4,低,旧页面,否,FALSE
1960,女,7,低,新页面,是,FALSE
1961,女,114,低,新页面,是,FALSE
1962,男,39,低,新页面,否,FALSE
1963,男,1,低,新页面,否,FALSE
1964,男,4,低,新页面,否,FALSE
1965,女,15,低,旧页面,是,FALSE
1966,女,14,低,旧页面,是,FALSE
1967,女,43,低,新页面,是,TRUE
1968,男,33,低,旧页面,否,FALSE
1969,女,183,低,旧页面,是,FALSE
1970,男,2,低,新页面,否,FALSE
1971,女,57,低,新页面,是,FALSE
1972,男,2,低,新页面,否,FALSE
1973,女,34,低,新页面,是,TRUE
1974,男,1,低,新页面,否,FALSE
1975,男,3,低,旧页面,否,FALSE
1976,男,20,低,新页面,否,FALSE
1977,男,5,低,新页面,否,FALSE
1978,女,18,低,新页面,是,FALSE
1979,男,5,低,旧页面,否,FALSE
1980,女,21,低,新页面,是,FALSE
1981,男,9,低,新页面,否,FALSE
1982,男,4,低,新页面,否,FALSE
1983,女,324,低,旧页面,是,TRUE
1984,女,44,低,新页面,是,FALSE
1985,女,102,低,新页面,是,TRUE
1986,男,14,低,旧页面,否,FALSE
1987,男,4,低,旧页面,否,FALSE
1988,女,42,低,旧页面,是,FALSE
1989,男,1,低,新页面,否,FALSE
1990,男,15,低,新页面,否,FALSE
1991,男,3,低,新页面,否,FALSE
1992,女,101,低,新页面,是,TRUE
1993,女,20,低,旧页面,是,FALSE
1994,男,24,低,新页面,否,FALSE
1995,女,19,低,新页面,是,TRUE
1996,男,19,低,旧页面,否,FALSE
1997,男,4,低,新页面,否,FALSE
1998,女,10,低,旧页面,是,FALSE
1999,女,12,低,新页面,是,FALSE
2000,男,11,低,新页面,否,FALSE
2001,女,194,低,旧页面,是,TRUE
2002,男,2,低,旧页面,否,FALSE
2003,女,178,低,旧页面,是,FALSE
2004,男,2,低,新页面,否,FALSE
2005,女,30,低,旧页面,是,FALSE
2006,女,16,低,旧页面,是,FALSE
2007,男,38,低,旧页面,否,FALSE
2008,男,2,低,旧页面,否,FALSE
2009,男,7,低,新页面,否,FALSE
2010,男,10,低,旧页面,否,FALSE
2011,男,7,低,旧页面,否,FALSE
2012,女,299,低,新页面,是,TRUE
2013,男,3,低,旧页面,否,FALSE
2014,女,11,低,新页面,是,FALSE
2015,男,5,低,新页面,否,FALSE
2016,男,15,低,旧页面,否,FALSE
2017,男,5,低,旧页面,否,FALSE
2018,女,74,低,新页面,是,TRUE
2019,男,3,低,新页面,否,FALSE
2020,男,3,低,新页面,否,FALSE
2021,男,27,低,旧页面,否,FALSE
2022,女,181,低,旧页面,是,TRUE
2023,男,3,低,新页面,否,TRUE
2024,男,9,低,新页面,否,FALSE
2025,女,12,低,旧页面,是,FALSE
2026,男,11,低,新页面,否,FALSE
2027,男,78,低,新页面,否,TRUE
2028,男,1,低,新页面,否,FALSE
2029,男,35,低,旧页面,否,FALSE
2030,男,1,低,新页面,否,FALSE
2031,男,3,低,旧页面,否,FALSE
2032,男,0,低,旧页面,否,FALSE
2033,男,60,低,新页面,否,TRUE
2034,女,60,低,旧页面,是,FALSE
2035,男,4,低,旧页面,否,FALSE
2036,女,18,低,旧页面,是,FALSE
2037,男,10,低,新页面,否,FALSE
2038,男,23,低,新页面,否,FALSE
2039,女,90,低,新页面,是,FALSE
2040,男,5,低,新页面,否,FALSE
2041,女,29,低,旧页面,是,FALSE
2042,女,23,低,新页面,是,FALSE
2043,男,5,低,新页面,否,FALSE
2044,男,8,低,新页面,否,FALSE
2045,男,2,低,旧页面,否,FALSE
2046,女,6,低,新页面,是,FALSE
2047,女,116,低,旧页面,是,FALSE
2048,女,154,低,新页面,是,FALSE
2049,男,6,低,旧页面,否,FALSE
2050,女,1,低,新页面,是,FALSE
2051,女,6,低,旧页面,是,FALSE
2052,女,286,低,旧页面,是,FALSE
2053,女,17,低,新页面,是,FALSE
2054,男,22,低,新页面,否,FALSE
2055,男,9,低,旧页面,否,FALSE
2056,男,0,低,新页面,否,FALSE
2057,男,15,低,旧页面,否,FALSE
2058,男,10,低,旧页面,否,FALSE
2059,男,10,低,旧页面,否,FALSE
2060,女,28,低,旧页面,是,FALSE
2061,女,28,低,新页面,是,FALSE
2062,男,15,低,新页面,否,FALSE
2063,女,1,低,新页面,是,FALSE
2064,男,4,低,旧页面,否,FALSE
2065,男,1,低,旧页面,否,FALSE
2066,女,17,低,新页面,是,FALSE
2067,男,6,低,旧页面,否,FALSE
2068,女,14,低,旧页面,是,FALSE
2069,男,1,低,旧页面,否,FALSE
2070,男,4,低,新页面,否,FALSE
2071,女,3,低,新页面,是,FALSE
2072,男,10,低,旧页面,否,FALSE
2073,男,37,低,旧页面,否,FALSE
2074,女,29,低,新页面,是,TRUE
2075,女,32,低,旧页面,是,FALSE
2076,男,8,低,旧页面,否,FALSE
2077,女,164,低,新页面,是,TRUE
2078,女,245,低,新页面,是,FALSE
2079,女,195,低,旧页面,是,FALSE
2080,女,33,低,旧页面,是,FALSE
2081,女,162,低,新页面,是,TRUE
2082,女,26,低,新页面,是,FALSE
2083,女,17,低,旧页面,是,FALSE
2084,女,7,低,新页面,是,FALSE
2085,女,39,低,新页面,是,FALSE
2086,男,24,低,旧页面,否,FALSE
2087,女,8,低,新页面,是,FALSE
2088,男,4,低,旧页面,否,FALSE
2089,男,1,低,新页面,否,FALSE
2090,男,11,低,旧页面,否,FALSE
2091,女,289,低,旧页面,是,FALSE
2092,女,155,低,新页面,是,TRUE
2093,女,256,低,新页面,是,TRUE
2094,男,4,低,新页面,否,FALSE
2095,男,1,低,新页面,否,FALSE
2096,女,359,低,新页面,是,FALSE
2097,男,3,低,旧页面,否,FALSE
2098,女,6,低,新页面,是,FALSE
2099,男,2,低,旧页面,否,FALSE
2100,男,41,低,新页面,否,TRUE
2101,男,4,低,新页面,否,FALSE
2102,女,7,低,新页面,是,FALSE
2103,女,84,低,新页面,是,TRUE
2104,男,1,低,旧页面,否,FALSE
2105,女,229,低,旧页面,是,TRUE
2106,女,13,低,新页面,是,FALSE
2107,男,2,低,旧页面,否,FALSE
2108,女,9,低,新页面,是,FALSE
2109,男,7,低,旧页面,否,FALSE
2110,女,195,低,旧页面,是,TRUE
2111,女,25,低,旧页面,是,FALSE
2112,女,32,低,旧页面,是,FALSE
2113,男,7,低,新页面,否,FALSE
2114,男,4,低,旧页面,否,FALSE
2115,女,3,低,新页面,是,FALSE
2116,男,10,低,旧页面,否,FALSE
2117,女,103,低,旧页面,是,FALSE
2118,男,3,低,旧页面,否,FALSE
2119,男,45,低,旧页面,否,TRUE
2120,男,7,低,旧页面,否,FALSE
2121,男,4,低,新页面,否,FALSE
2122,男,15,低,旧页面,否,FALSE
2123,女,75,低,新页面,是,FALSE
2124,男,5,低,新页面,否,FALSE
2125,男,15,低,旧页面,否,FALSE
2126,女,40,低,新页面,是,TRUE
2127,男,73,低,新页面,否,FALSE
2128,女,3,低,旧页面,是,FALSE
2129,男,40,低,旧页面,否,FALSE
2130,女,177,低,新页面,是,TRUE
2131,女,151,低,新页面,是,FALSE
2132,男,13,低,新页面,否,FALSE
2133,女,19,低,旧页面,是,FALSE
2134,女,146,低,新页面,是,TRUE
2135,男,8,低,旧页面,否,FALSE
2136,男,1,低,旧页面,否,FALSE
2137,男,2,低,新页面,否,FALSE
2138,男,11,低,旧页面,否,FALSE
2139,女,196,低,旧页面,是,TRUE
2140,女,70,低,新页面,是,FALSE
2141,女,126,低,旧页面,是,TRUE
2142,女,121,低,新页面,是,TRUE
2143,女,51,低,新页面,是,FALSE
2144,女,36,低,新页面,是,FALSE
2145,男,6,低,旧页面,否,FALSE
2146,男,3,低,新页面,否,FALSE
2147,女,26,低,旧页面,是,FALSE
2148,男,35,低,旧页面,否,FALSE
2149,男,3,低,旧页面,否,FALSE
2150,男,33,低,旧页面,否,FALSE
2151,男,15,低,新页面,否,FALSE
2152,女,238,低,旧页面,是,TRUE
2153,男,26,低,新页面,否,TRUE
2154,男,2,低,旧页面,否,FALSE
2155,男,3,低,旧页面,否,FALSE
2156,男,48,低,新页面,否,FALSE
2157,男,10,低,新页面,否,FALSE
2158,男,14,低,新页面,否,FALSE
2159,男,4,低,旧页面,否,FALSE
2160,男,40,低,旧页面,否,FALSE
2161,男,5,低,旧页面,否,FALSE
2162,女,58,低,新页面,是,FALSE
2163,女,39,低,新页面,是,FALSE
2164,男,17,低,旧页面,否,FALSE
2165,女,21,低,旧页面,是,TRUE
2166,男,5,低,新页面,否,FALSE
2167,女,11,低,旧页面,是,FALSE
2168,男,3,低,新页面,否,FALSE
2169,男,9,低,新页面,否,FALSE
2170,男,8,低,旧页面,否,FALSE
2171,女,17,低,新页面,是,FALSE
2172,女,23,低,旧页面,是,TRUE
2173,男,2,低,旧页面,否,FALSE
2174,男,53,低,新页面,否,FALSE
2175,男,21,低,旧页面,否,FALSE
2176,男,0,低,旧页面,否,FALSE
2177,男,21,低,旧页面,否,FALSE
2178,女,281,低,旧页面,是,TRUE
2179,男,29,低,旧页面,否,FALSE
2180,女,26,低,旧页面,是,TRUE
2181,男,0,低,旧页面,否,FALSE
2182,男,2,低,旧页面,否,FALSE
2183,男,30,低,新页面,否,FALSE
2184,女,100,低,旧页面,是,FALSE
2185,女,16,低,新页面,是,TRUE
2186,女,111,低,新页面,是,TRUE
2187,女,297,低,旧页面,是,TRUE
2188,男,0,低,新页面,否,FALSE
2189,男,1,低,新页面,否,FALSE
2190,男,33,低,新页面,否,FALSE
2191,男,1,低,新页面,否,FALSE
2192,男,3,低,旧页面,否,FALSE
2193,男,71,低,旧页面,否,FALSE
2194,女,19,低,旧页面,是,FALSE
2195,女,200,低,新页面,是,TRUE
2196,男,3,低,新页面,否,FALSE
2197,男,3,低,旧页面,否,FALSE
2198,女,7,低,新页面,是,FALSE
2199,男,11,低,新页面,否,FALSE
2200,男,9,低,新页面,否,FALSE
2201,男,2,低,新页面,否,FALSE
2202,女,181,低,旧页面,是,FALSE
2203,女,12,低,新页面,是,FALSE
2204,女,58,低,旧页面,是,FALSE
2205,男,7,低,旧页面,否,TRUE
2206,男,2,低,旧页面,否,FALSE
2207,女,386,低,新页面,是,TRUE
2208,男,5,低,旧页面,否,FALSE
2209,女,51,低,旧页面,是,FALSE
2210,女,27,低,新页面,是,FALSE
2211,女,329,低,新页面,是,TRUE
2212,女,14,低,新页面,是,FALSE
2213,男,8,低,新页面,否,FALSE
2214,女,89,低,新页面,是,FALSE
2215,男,1,低,旧页面,否,FALSE
2216,男,2,低,旧页面,否,FALSE
2217,男,48,低,新页面,否,FALSE
2218,女,174,低,新页面,是,FALSE
2219,男,0,低,新页面,否,FALSE
2220,女,50,低,新页面,是,TRUE
2221,男,7,低,旧页面,否,FALSE
2222,男,161,低,新页面,否,TRUE
2223,男,13,低,旧页面,否,FALSE
2224,男,1,低,新页面,否,FALSE
2225,女,164,低,新页面,是,FALSE
2226,女,6,低,新页面,是,FALSE
2227,男,2,低,新页面,否,FALSE
2228,女,187,低,新页面,是,TRUE
2229,男,25,低,新页面,否,FALSE
2230,男,3,低,新页面,否,FALSE
2231,女,246,低,新页面,是,TRUE
2232,男,6,低,新页面,否,FALSE
2233,男,0,低,旧页面,否,FALSE
2234,女,31,低,新页面,是,FALSE
2235,男,6,低,旧页面,否,FALSE
2236,男,20,低,旧页面,否,FALSE
2237,女,0,低,旧页面,是,FALSE
2238,男,13,低,新页面,否,FALSE
2239,男,15,低,新页面,否,FALSE
2240,女,41,低,新页面,是,FALSE
2241,女,128,低,旧页面,是,FALSE
2242,女,91,低,新页面,是,TRUE
2243,女,90,低,旧页面,是,FALSE
2244,男,2,低,旧页面,否,FALSE
2245,女,151,低,新页面,是,FALSE
2246,女,6,低,新页面,是,FALSE
2247,女,15,低,新页面,是,FALSE
2248,男,6,低,旧页面,否,FALSE
2249,女,17,低,旧页面,是,FALSE
2250,男,1,低,旧页面,否,FALSE
2251,男,3,低,旧页面,否,FALSE
2252,男,0,低,旧页面,否,FALSE
2253,男,7,低,旧页面,否,FALSE
2254,女,232,低,新页面,是,FALSE
2255,女,14,低,旧页面,是,FALSE
2256,女,26,低,旧页面,是,FALSE
2257,男,10,低,旧页面,否,FALSE
2258,女,277,低,旧页面,是,TRUE
2259,女,45,低,旧页面,是,FALSE
2260,男,10,低,旧页面,否,TRUE
2261,男,26,低,新页面,否,FALSE
2262,男,1,低,旧页面,否,FALSE
2263,男,12,低,新页面,否,FALSE
2264,男,24,低,旧页面,否,FALSE
2265,男,6,低,旧页面,否,FALSE
2266,女,18,低,新页面,是,FALSE
2267,男,6,低,新页面,否,FALSE
2268,男,11,低,新页面,否,FALSE
2269,女,145,低,旧页面,是,FALSE
2270,女,24,低,新页面,是,FALSE
2271,女,183,低,新页面,是,TRUE
2272,男,16,低,新页面,否,FALSE
2273,男,10,低,旧页面,否,FALSE
2274,男,2,低,旧页面,否,FALSE
2275,男,0,低,新页面,否,FALSE
2276,女,63,低,新页面,是,TRUE
2277,女,30,低,旧页面,是,FALSE
2278,女,30,低,新页面,是,FALSE
2279,男,15,低,旧页面,否,FALSE
2280,女,167,低,旧页面,是,FALSE
2281,男,3,低,旧页面,否,FALSE
2282,女,69,低,新页面,是,FALSE
2283,女,49,低,旧页面,是,FALSE
2284,男,7,低,旧页面,否,FALSE
2285,男,21,低,新页面,否,FALSE
2286,男,5,低,旧页面,否,FALSE
2287,女,42,低,新页面,是,FALSE
2288,男,4,低,新页面,否,FALSE
2289,男,114,低,新页面,否,TRUE
2290,女,197,低,新页面,是,TRUE
2291,女,49,低,旧页面,是,FALSE
2292,男,5,低,旧页面,否,FALSE
2293,男,1,低,新页面,否,FALSE
2294,男,2,低,旧页面,否,FALSE
2295,男,29,低,新页面,否,TRUE
2296,女,100,低,旧页面,是,FALSE
2297,男,2,低,新页面,否,FALSE
2298,女,23,低,旧页面,是,FALSE
2299,男,15,低,新页面,否,TRUE
2300,女,53,低,旧页面,是,FALSE
2301,男,4,低,新页面,否,FALSE
2302,男,0,低,旧页面,否,FALSE
2303,男,25,低,新页面,否,FALSE
2304,女,118,低,新页面,是,FALSE
2305,男,11,低,旧页面,否,FALSE
2306,女,114,低,新页面,是,FALSE
2307,男,36,低,新页面,否,FALSE
2308,女,26,低,新页面,是,FALSE
2309,女,36,低,旧页面,是,FALSE
2310,男,2,低,旧页面,否,FALSE
2311,女,8,低,旧页面,是,FALSE
2312,女,19,低,新页面,是,TRUE
2313,男,32,低,新页面,否,TRUE
2314,男,42,低,旧页面,否,FALSE
2315,女,16,低,新页面,是,FALSE
2316,女,24,低,旧页面,是,FALSE
2317,女,18,低,旧页面,是,FALSE
2318,男,9,低,旧页面,否,FALSE
2319,女,46,低,旧页面,是,TRUE
2320,男,2,低,新页面,否,FALSE
2321,男,1,低,旧页面,否,FALSE
2322,女,30,低,旧页面,是,FALSE
2323,男,0,低,旧页面,否,FALSE
2324,女,23,低,旧页面,是,FALSE
2325,男,6,低,旧页面,否,FALSE
2326,男,22,低,旧页面,否,FALSE
2327,男,14,低,新页面,否,FALSE
2328,男,11,低,旧页面,否,FALSE
2329,男,22,低,新页面,否,FALSE
2330,男,1,低,旧页面,否,FALSE
2331,男,2,低,新页面,否,FALSE
2332,男,3,低,新页面,否,FALSE
2333,女,14,低,新页面,是,FALSE
2334,女,288,低,新页面,是,TRUE
2335,女,204,低,新页面,是,TRUE
2336,男,6,低,旧页面,否,FALSE
2337,女,40,低,旧页面,是,FALSE
2338,女,32,低,旧页面,是,FALSE
2339,男,51,低,新页面,否,FALSE
2340,女,57,低,新页面,是,TRUE
2341,男,6,低,新页面,否,FALSE
2342,女,129,低,新页面,是,FALSE
2343,男,70,低,新页面,否,FALSE
2344,男,5,低,新页面,否,FALSE
2345,女,123,低,旧页面,是,TRUE
2346,女,55,低,新页面,是,FALSE
2347,男,5,低,新页面,否,FALSE
2348,女,232,低,新页面,是,FALSE
2349,男,1,低,新页面,否,FALSE
2350,男,2,低,新页面,否,FALSE
2351,男,1,低,新页面,否,FALSE
2352,女,387,低,新页面,是,TRUE
2353,男,0,低,旧页面,否,FALSE
2354,女,312,低,旧页面,是,TRUE
2355,女,1,低,旧页面,是,FALSE
2356,女,23,低,新页面,是,TRUE
2357,男,3,低,新页面,否,FALSE
2358,男,6,低,旧页面,否,FALSE
2359,女,5,低,新页面,是,FALSE
2360,女,80,低,旧页面,是,TRUE
2361,男,1,低,新页面,否,FALSE
2362,女,77,低,新页面,是,FALSE
2363,女,142,低,新页面,是,TRUE
2364,男,2,低,新页面,否,FALSE
2365,男,6,低,旧页面,否,FALSE
2366,女,36,低,新页面,是,FALSE
2367,男,2,低,旧页面,否,FALSE
2368,男,3,低,新页面,否,FALSE
2369,女,55,低,新页面,是,TRUE
2370,男,3,低,新页面,否,FALSE
2371,女,28,低,旧页面,是,FALSE
2372,男,10,低,旧页面,否,FALSE
2373,男,6,低,新页面,否,FALSE
2374,男,15,低,旧页面,否,FALSE
2375,男,12,低,新页面,否,FALSE
2376,男,14,低,新页面,否,TRUE
2377,男,2,低,旧页面,否,FALSE
2378,女,192,低,旧页面,是,TRUE
2379,男,1,低,新页面,否,FALSE
2380,女,7,低,旧页面,是,FALSE
2381,男,8,低,新页面,否,FALSE
2382,男,6,低,新页面,否,FALSE
2383,男,17,低,旧页面,否,FALSE
2384,女,35,低,新页面,是,FALSE
2385,男,24,低,旧页面,否,FALSE
2386,男,4,低,旧页面,否,FALSE
2387,男,2,低,旧页面,否,FALSE
2388,男,3,低,旧页面,否,FALSE
2389,男,12,低,旧页面,否,FALSE
2390,女,38,低,旧页面,是,FALSE
2391,男,10,低,旧页面,否,FALSE
2392,女,311,低,旧页面,是,TRUE
2393,男,184,低,旧页面,否,FALSE
2394,男,17,低,新页面,否,FALSE
2395,男,4,低,新页面,否,TRUE
2396,男,2,低,新页面,否,FALSE
2397,女,13,低,旧页面,是,FALSE
2398,女,128,低,旧页面,是,TRUE
2399,男,2,低,新页面,否,FALSE
2400,女,37,低,旧页面,是,FALSE
2401,女,63,低,旧页面,是,FALSE
2402,女,279,低,旧页面,是,TRUE
2403,男,1,低,旧页面,否,FALSE
2404,男,5,低,新页面,否,FALSE
2405,男,6,低,新页面,否,FALSE
2406,女,12,低,旧页面,是,FALSE
2407,男,3,低,旧页面,否,FALSE
2408,男,3,低,旧页面,否,FALSE
2409,男,2,低,旧页面,否,FALSE
2410,男,27,低,旧页面,否,FALSE
2411,男,2,低,新页面,否,FALSE
2412,女,21,低,旧页面,是,FALSE
2413,女,19,低,新页面,是,FALSE
2414,男,6,低,旧页面,否,FALSE
2415,男,7,低,新页面,否,FALSE
2416,男,2,低,新页面,否,FALSE
2417,女,38,低,旧页面,是,TRUE
2418,男,1,低,新页面,否,FALSE
2419,男,4,低,旧页面,否,FALSE
2420,男,6,低,旧页面,否,TRUE
2421,男,8,低,新页面,否,FALSE
2422,男,2,低,新页面,否,FALSE
2423,男,1,低,新页面,否,FALSE
2424,男,68,低,新页面,否,FALSE
2425,女,29,低,旧页面,是,FALSE
2426,男,12,低,旧页面,否,FALSE
2427,男,4,低,旧页面,否,FALSE
2428,男,15,低,新页面,否,FALSE
2429,女,177,低,旧页面,是,TRUE
2430,男,6,低,新页面,否,FALSE
2431,女,14,低,旧页面,是,FALSE
2432,男,6,低,新页面,否,FALSE
2433,男,12,低,旧页面,否,FALSE
2434,男,3,低,旧页面,否,TRUE
2435,男,50,低,旧页面,否,FALSE
2436,男,5,低,旧页面,否,FALSE
2437,男,0,低,新页面,否,FALSE
2438,男,25,低,新页面,否,FALSE
2439,男,4,低,旧页面,否,TRUE
2440,女,47,低,新页面,是,FALSE
2441,女,166,低,旧页面,是,TRUE
2442,男,5,低,新页面,否,FALSE
2443,男,20,低,旧页面,否,FALSE
2444,女,161,低,新页面,是,TRUE
2445,女,22,低,旧页面,是,FALSE
2446,男,22,低,新页面,否,FALSE
2447,女,32,低,新页面,是,TRUE
2448,女,355,低,旧页面,是,TRUE
2449,男,5,低,旧页面,否,FALSE
2450,男,7,低,旧页面,否,FALSE
2451,女,10,低,旧页面,是,FALSE
2452,女,57,低,新页面,是,TRUE
2453,男,47,低,旧页面,否,FALSE
2454,女,78,低,新页面,是,FALSE
2455,男,20,低,新页面,否,FALSE
2456,男,6,低,旧页面,否,FALSE
2457,男,2,低,旧页面,否,FALSE
2458,男,191,低,新页面,否,TRUE
2459,男,16,低,新页面,否,FALSE
2460,男,34,低,新页面,否,FALSE
2461,男,5,低,新页面,否,FALSE
2462,女,12,低,新页面,是,FALSE
2463,男,3,低,新页面,否,FALSE
2464,男,0,低,旧页面,否,FALSE
2465,男,2,低,旧页面,否,FALSE
2466,女,116,低,新页面,是,TRUE
2467,男,73,低,旧页面,否,FALSE
2468,男,13,低,新页面,否,FALSE
2469,男,5,低,新页面,否,FALSE
2470,女,33,低,旧页面,是,FALSE
2471,女,16,低,旧页面,是,FALSE
2472,女,96,低,旧页面,是,FALSE
2473,女,56,低,旧页面,是,TRUE
2474,女,204,低,新页面,是,TRUE
2475,男,14,低,旧页面,否,FALSE
2476,女,15,低,新页面,是,FALSE
2477,男,3,低,新页面,否,FALSE
2478,男,0,低,旧页面,否,FALSE
2479,男,13,低,旧页面,否,FALSE
2480,男,15,低,旧页面,否,FALSE
2481,男,17,低,新页面,否,FALSE
2482,男,25,低,新页面,否,FALSE
2483,男,17,低,旧页面,否,FALSE
2484,女,135,低,旧页面,是,TRUE
2485,女,299,低,新页面,是,TRUE
2486,男,1,低,新页面,否,FALSE
2487,女,160,低,旧页面,是,TRUE
2488,男,0,低,旧页面,否,FALSE
2489,女,11,低,新页面,是,TRUE
2490,男,1,低,旧页面,否,FALSE
2491,女,7,低,新页面,是,FALSE
2492,女,15,低,新页面,是,FALSE
2493,女,104,低,旧页面,是,TRUE
2494,女,135,低,新页面,是,TRUE
2495,女,14,低,旧页面,是,FALSE
2496,男,8,低,新页面,否,FALSE
2497,女,11,低,新页面,是,FALSE
2498,男,2,低,新页面,否,FALSE
2499,男,5,低,旧页面,否,FALSE
2500,男,9,低,旧页面,否,FALSE
2501,男,49,低,新页面,否,FALSE
2502,男,12,低,旧页面,否,FALSE
2503,女,19,低,新页面,是,FALSE
2504,女,79,低,新页面,是,TRUE
2505,男,39,低,新页面,否,TRUE
2506,女,12,低,旧页面,是,FALSE
2507,男,34,低,新页面,否,FALSE
2508,男,45,低,旧页面,否,FALSE
2509,男,16,低,旧页面,否,FALSE
2510,女,7,低,旧页面,是,FALSE
2511,女,34,低,旧页面,是,FALSE
2512,女,53,低,旧页面,是,FALSE
2513,男,4,低,旧页面,否,FALSE
2514,男,8,低,新页面,否,TRUE
2515,男,6,低,旧页面,否,FALSE
2516,男,17,低,新页面,否,FALSE
2517,男,15,低,新页面,否,FALSE
2518,男,10,低,新页面,否,FALSE
2519,男,10,低,新页面,否,FALSE
2520,男,10,低,新页面,否,FALSE
2521,男,3,低,新页面,否,FALSE
2522,女,28,低,新页面,是,TRUE
2523,男,9,低,旧页面,否,FALSE
2524,女,278,低,新页面,是,TRUE
2525,男,8,低,旧页面,否,FALSE
2526,男,5,低,新页面,否,FALSE
2527,男,11,低,旧页面,否,FALSE
2528,男,5,低,旧页面,否,FALSE
2529,男,78,低,新页面,否,TRUE
2530,女,115,低,新页面,是,TRUE
2531,女,98,低,新页面,是,TRUE
2532,女,11,低,旧页面,是,FALSE
2533,男,3,低,旧页面,否,FALSE
2534,男,18,低,新页面,否,FALSE
2535,男,18,低,新页面,否,FALSE
2536,男,9,低,新页面,否,FALSE
2537,男,4,低,新页面,否,FALSE
2538,男,8,低,新页面,否,TRUE
2539,男,10,低,新页面,否,FALSE
2540,女,37,低,新页面,是,FALSE
2541,女,28,低,新页面,是,FALSE
2542,男,2,低,旧页面,否,FALSE
2543,女,101,低,新页面,是,FALSE
2544,男,22,低,新页面,否,FALSE
2545,女,34,低,新页面,是,FALSE
2546,男,28,低,旧页面,否,FALSE
2547,女,111,低,新页面,是,TRUE
2548,男,13,低,新页面,否,FALSE
2549,男,0,低,新页面,否,FALSE
2550,男,1,低,新页面,否,FALSE
2551,女,32,低,新页面,是,FALSE
2552,女,20,低,新页面,是,FALSE
2553,女,38,低,新页面,是,FALSE
2554,男,0,低,旧页面,否,FALSE
2555,男,8,低,新页面,否,FALSE
2556,女,124,低,新页面,是,TRUE
2557,女,38,低,新页面,是,FALSE
2558,女,13,低,旧页面,是,FALSE
2559,女,232,低,新页面,是,FALSE
2560,男,2,低,旧页面,否,FALSE
2561,男,100,低,旧页面,否,FALSE
2562,男,3,低,新页面,否,FALSE
2563,女,42,低,旧页面,是,TRUE
2564,女,8,低,新页面,是,FALSE
2565,男,8,低,旧页面,否,FALSE
2566,女,23,低,旧页面,是,TRUE
2567,女,31,低,旧页面,是,FALSE
2568,男,17,低,旧页面,否,FALSE
2569,女,16,低,新页面,是,FALSE
2570,女,46,低,旧页面,是,TRUE
2571,男,10,低,新页面,否,FALSE
2572,男,9,低,新页面,否,FALSE
2573,男,4,低,新页面,否,FALSE
2574,男,1,低,旧页面,否,FALSE
2575,男,6,低,旧页面,否,FALSE
2576,女,37,低,新页面,是,FALSE
2577,男,0,低,旧页面,否,FALSE
2578,女,46,低,旧页面,是,FALSE
2579,男,7,低,新页面,否,FALSE
2580,男,2,低,新页面,否,FALSE
2581,女,57,低,新页面,是,FALSE
2582,男,6,低,新页面,否,FALSE
2583,男,3,低,旧页面,否,FALSE
2584,女,385,低,旧页面,是,TRUE
2585,女,61,低,新页面,是,FALSE
2586,女,54,低,新页面,是,TRUE
2587,男,19,低,旧页面,否,FALSE
2588,女,97,低,新页面,是,FALSE
2589,男,28,低,旧页面,否,FALSE
2590,女,40,低,新页面,是,FALSE
2591,男,38,低,新页面,否,FALSE
2592,男,12,低,旧页面,否,FALSE
2593,男,4,低,旧页面,否,FALSE
2594,女,57,低,新页面,是,FALSE
2595,男,4,低,旧页面,否,FALSE
2596,女,245,低,新页面,是,FALSE
2597,男,5,低,新页面,否,FALSE
2598,男,8,低,旧页面,否,FALSE
2599,女,23,低,旧页面,是,FALSE
2600,男,11,低,新页面,否,FALSE
2601,女,464,低,新页面,是,TRUE
2602,女,57,低,旧页面,是,TRUE
2603,女,28,低,新页面,是,FALSE
2604,男,19,低,新页面,否,TRUE
2605,男,17,低,新页面,否,FALSE
2606,女,131,低,旧页面,是,TRUE
2607,男,8,低,旧页面,否,FALSE
2608,女,230,低,新页面,是,TRUE
2609,女,80,低,新页面,是,TRUE
2610,男,65,低,旧页面,否,TRUE
2611,男,30,低,旧页面,否,FALSE
2612,女,45,低,新页面,是,TRUE
2613,女,61,低,新页面,是,TRUE
2614,男,30,低,旧页面,否,FALSE
2615,男,3,低,新页面,否,FALSE
2616,女,254,低,旧页面,是,FALSE
2617,男,21,低,旧页面,否,FALSE
2618,男,5,低,新页面,否,FALSE
2619,女,222,低,旧页面,是,TRUE
2620,男,31,低,新页面,否,FALSE
2621,男,24,低,旧页面,否,FALSE
2622,女,14,低,新页面,是,TRUE
2623,男,36,低,新页面,否,FALSE
2624,男,18,低,新页面,否,FALSE
2625,女,63,低,旧页面,是,FALSE
2626,女,100,低,新页面,是,TRUE
2627,女,39,低,旧页面,是,FALSE
2628,女,9,低,旧页面,是,FALSE
2629,男,9,低,新页面,否,FALSE
2630,男,3,低,旧页面,否,FALSE
2631,男,11,低,新页面,否,FALSE
2632,男,6,低,新页面,否,FALSE
2633,女,135,低,新页面,是,FALSE
2634,男,14,低,旧页面,否,FALSE
2635,女,15,低,新页面,是,FALSE
2636,男,1,低,新页面,否,FALSE
2637,女,77,低,旧页面,是,FALSE
2638,女,7,低,新页面,是,FALSE
2639,女,246,低,旧页面,是,TRUE
2640,女,81,低,新页面,是,TRUE
2641,男,16,低,新页面,否,FALSE
2642,女,58,低,新页面,是,FALSE
2643,女,23,低,新页面,是,FALSE
2644,男,2,低,新页面,否,FALSE
2645,女,98,低,新页面,是,FALSE
2646,男,1,低,新页面,否,FALSE
2647,男,0,低,旧页面,否,FALSE
2648,女,176,低,旧页面,是,TRUE
2649,男,13,低,旧页面,否,FALSE
2650,女,47,低,旧页面,是,TRUE
2651,女,15,低,新页面,是,FALSE
2652,男,7,低,新页面,否,FALSE
2653,女,456,低,新页面,是,TRUE
2654,女,25,低,旧页面,是,FALSE
2655,男,2,低,旧页面,否,FALSE
2656,男,10,低,新页面,否,FALSE
2657,男,7,低,旧页面,否,FALSE
2658,男,10,低,新页面,否,TRUE
2659,男,5,低,旧页面,否,FALSE
2660,男,316,低,新页面,否,TRUE
2661,女,121,低,新页面,是,TRUE
2662,女,45,低,新页面,是,FALSE
2663,男,25,低,旧页面,否,FALSE
2664,女,68,低,新页面,是,TRUE
2665,女,52,低,新页面,是,TRUE
2666,女,18,低,旧页面,是,FALSE
2667,男,18,低,新页面,否,FALSE
2668,男,31,低,旧页面,否,FALSE
2669,男,26,低,新页面,否,FALSE
2670,男,3,低,旧页面,否,FALSE
2671,男,5,低,新页面,否,FALSE
2672,女,11,低,旧页面,是,FALSE
2673,男,12,低,旧页面,否,FALSE
2674,女,30,低,旧页面,是,FALSE
2675,男,12,低,旧页面,否,FALSE
2676,男,83,低,新页面,否,TRUE
2677,女,138,低,新页面,是,FALSE
2678,女,106,低,旧页面,是,FALSE
2679,女,9,低,新页面,是,FALSE
2680,男,4,低,新页面,否,FALSE
2681,女,79,低,新页面,是,TRUE
2682,女,37,低,新页面,是,FALSE
2683,男,5,低,旧页面,否,FALSE
2684,女,83,低,旧页面,是,FALSE
2685,男,1,低,新页面,否,FALSE
2686,男,7,低,新页面,否,TRUE
2687,女,178,低,新页面,是,TRUE
2688,女,22,低,新页面,是,FALSE
2689,男,26,低,新页面,否,FALSE
2690,男,5,低,旧页面,否,FALSE
2691,男,9,低,旧页面,否,FALSE
2692,男,91,低,新页面,否,FALSE
2693,女,11,低,新页面,是,FALSE
2694,男,55,低,新页面,否,TRUE
2695,男,0,低,旧页面,否,FALSE
2696,男,11,低,旧页面,否,FALSE
2697,女,41,低,新页面,是,FALSE
2698,女,5,低,旧页面,是,FALSE
2699,男,38,低,旧页面,否,FALSE
2700,男,2,低,新页面,否,FALSE
2701,男,5,低,旧页面,否,FALSE
2702,女,57,低,旧页面,是,FALSE
2703,女,29,低,旧页面,是,FALSE
2704,女,113,低,新页面,是,TRUE
2705,男,18,低,新页面,否,FALSE
2706,男,4,低,旧页面,否,FALSE
2707,女,45,低,旧页面,是,TRUE
2708,女,0,低,新页面,是,TRUE
2709,男,43,低,旧页面,否,FALSE
2710,男,0,低,新页面,否,FALSE
2711,男,1,低,新页面,否,FALSE
2712,男,16,低,新页面,否,FALSE
2713,男,52,低,新页面,否,TRUE
2714,女,62,低,旧页面,是,TRUE
2715,男,0,低,旧页面,否,FALSE
2716,女,100,低,新页面,是,FALSE
2717,男,2,低,旧页面,否,FALSE
2718,男,9,低,新页面,否,FALSE
2719,男,11,低,旧页面,否,FALSE
2720,女,139,低,新页面,是,TRUE
2721,女,202,低,新页面,是,TRUE
2722,女,69,低,旧页面,是,TRUE
2723,男,3,低,新页面,否,FALSE
2724,女,71,低,新页面,是,TRUE
2725,男,28,低,旧页面,否,FALSE
2726,男,18,低,旧页面,否,FALSE
2727,男,21,低,旧页面,否,FALSE
2728,男,25,低,新页面,否,FALSE
2729,女,12,低,旧页面,是,FALSE
2730,男,14,低,新页面,否,FALSE
2731,男,28,低,旧页面,否,FALSE
2732,女,12,低,新页面,是,FALSE
2733,女,43,低,新页面,是,FALSE
2734,女,39,低,新页面,是,FALSE
2735,女,92,低,旧页面,是,FALSE
2736,女,52,低,旧页面,是,FALSE
2737,男,124,低,旧页面,否,FALSE
2738,男,0,低,旧页面,否,FALSE
2739,男,8,低,新页面,否,FALSE
2740,男,10,低,旧页面,否,FALSE
2741,女,57,低,新页面,是,TRUE
2742,男,7,低,旧页面,否,FALSE
2743,男,2,低,新页面,否,FALSE
2744,男,8,低,旧页面,否,FALSE
2745,男,109,低,旧页面,否,FALSE
2746,男,1,低,新页面,否,FALSE
2747,女,13,低,旧页面,是,FALSE
2748,男,85,低,新页面,否,FALSE
2749,女,35,低,旧页面,是,TRUE
2750,女,71,低,新页面,是,FALSE
2751,女,67,低,新页面,是,FALSE
2752,女,22,低,新页面,是,FALSE
2753,男,15,低,旧页面,否,FALSE
2754,男,2,低,新页面,否,FALSE
2755,女,77,低,旧页面,是,FALSE
2756,男,6,低,新页面,否,FALSE
2757,女,18,低,新页面,是,FALSE
2758,女,41,低,新页面,是,TRUE
2759,男,24,低,旧页面,否,FALSE
2760,男,4,低,旧页面,否,FALSE
2761,女,52,低,新页面,是,TRUE
2762,男,192,低,新页面,否,TRUE
2763,女,28,低,旧页面,是,FALSE
2764,男,9,低,旧页面,否,FALSE
2765,女,208,低,新页面,是,TRUE
2766,女,414,低,旧页面,是,TRUE
2767,男,1,低,新页面,否,FALSE
2768,男,5,低,新页面,否,FALSE
2769,女,227,低,旧页面,是,TRUE
2770,女,70,低,旧页面,是,TRUE
2771,男,1,低,旧页面,否,FALSE
2772,女,27,低,新页面,是,FALSE
2773,男,1,低,旧页面,否,FALSE
2774,男,5,低,旧页面,否,FALSE
2775,女,223,低,旧页面,是,FALSE
2776,女,5,低,旧页面,是,FALSE
2777,男,4,低,旧页面,否,FALSE
2778,女,93,低,旧页面,是,TRUE
2779,男,19,低,新页面,否,FALSE
2780,男,1,低,旧页面,否,FALSE
2781,女,116,低,新页面,是,FALSE
2782,男,1,低,旧页面,否,FALSE
2783,男,6,低,旧页面,否,FALSE
2784,女,211,低,新页面,是,TRUE
2785,女,159,低,新页面,是,FALSE
2786,男,1,低,新页面,否,FALSE
2787,男,17,低,新页面,否,FALSE
2788,男,22,低,旧页面,否,FALSE
2789,男,3,低,新页面,否,FALSE
2790,男,3,低,旧页面,否,FALSE
2791,女,5,低,旧页面,是,FALSE
2792,男,5,低,旧页面,否,FALSE
2793,女,94,低,新页面,是,FALSE
2794,女,36,低,新页面,是,FALSE
2795,女,195,低,新页面,是,TRUE
2796,女,165,低,新页面,是,TRUE
2797,女,27,低,新页面,是,TRUE
2798,男,3,低,新页面,否,FALSE
2799,女,141,低,新页面,是,FALSE
2800,男,1,低,旧页面,否,FALSE
2801,女,183,低,旧页面,是,FALSE
2802,女,11,低,新页面,是,FALSE
2803,男,2,低,新页面,否,FALSE
2804,女,219,低,旧页面,是,TRUE
2805,女,149,低,新页面,是,FALSE
2806,男,30,低,旧页面,否,FALSE
2807,男,0,低,旧页面,否,FALSE
2808,女,33,低,新页面,是,FALSE
2809,男,14,低,新页面,否,FALSE
2810,男,1,低,旧页面,否,FALSE
2811,男,2,低,新页面,否,FALSE
2812,男,23,低,旧页面,否,TRUE
2813,男,1,低,旧页面,否,FALSE
2814,男,18,低,旧页面,否,FALSE
2815,女,11,低,新页面,是,TRUE
2816,男,3,低,新页面,否,FALSE
2817,女,20,低,新页面,是,FALSE
2818,男,0,低,新页面,否,FALSE
2819,男,34,低,旧页面,否,TRUE
2820,男,54,低,旧页面,否,FALSE
2821,女,24,低,新页面,是,FALSE
2822,男,21,低,新页面,否,FALSE
2823,女,288,低,新页面,是,FALSE
2824,男,2,低,新页面,否,FALSE
2825,男,48,低,新页面,否,TRUE
2826,男,8,低,旧页面,否,FALSE
2827,男,3,低,新页面,否,FALSE
2828,男,1,低,新页面,否,FALSE
2829,女,12,低,新页面,是,FALSE
2830,女,116,低,新页面,是,TRUE
2831,男,1,低,旧页面,否,FALSE
2832,男,8,低,旧页面,否,FALSE
2833,男,0,低,旧页面,否,FALSE
2834,女,36,低,旧页面,是,FALSE
2835,女,6,低,旧页面,是,FALSE
2836,女,15,低,新页面,是,FALSE
2837,男,2,低,旧页面,否,FALSE
2838,男,3,低,旧页面,否,FALSE
2839,女,54,低,旧页面,是,TRUE
2840,女,33,低,旧页面,是,FALSE
2841,女,238,低,新页面,是,TRUE
2842,女,13,低,新页面,是,TRUE
2843,男,3,低,新页面,否,FALSE
2844,男,67,低,旧页面,否,FALSE
2845,女,3,低,旧页面,是,FALSE
2846,男,7,低,新页面,否,FALSE
2847,男,12,低,旧页面,否,FALSE
2848,女,287,低,旧页面,是,TRUE
2849,男,0,低,旧页面,否,FALSE
2850,女,144,低,新页面,是,TRUE
2851,男,12,低,新页面,否,FALSE
2852,男,1,低,旧页面,否,FALSE
2853,男,18,低,新页面,否,FALSE
2854,男,2,低,新页面,否,FALSE
2855,男,1,低,旧页面,否,FALSE
2856,女,13,低,旧页面,是,FALSE
2857,女,47,低,旧页面,是,FALSE
2858,男,8,低,新页面,否,FALSE
2859,男,37,低,旧页面,否,TRUE
2860,女,37,低,旧页面,是,FALSE
2861,女,76,低,旧页面,是,TRUE
2862,男,1,低,新页面,否,FALSE
2863,男,11,低,新页面,否,FALSE
2864,女,109,低,新页面,是,TRUE
2865,女,229,低,新页面,是,FALSE
2866,男,5,低,新页面,否,FALSE
2867,男,6,低,新页面,否,FALSE
2868,女,86,低,新页面,是,FALSE
2869,女,53,低,新页面,是,TRUE
2870,女,9,低,旧页面,是,FALSE
2871,男,35,低,新页面,否,FALSE
2872,女,44,低,新页面,是,FALSE
2873,女,29,低,新页面,是,FALSE
2874,男,4,低,旧页面,否,FALSE
2875,女,20,低,旧页面,是,FALSE
2876,男,0,低,新页面,否,FALSE
2877,女,99,低,旧页面,是,FALSE
2878,女,22,低,新页面,是,FALSE
2879,男,12,低,旧页面,否,FALSE
2880,男,14,低,新页面,否,FALSE
2881,女,52,低,新页面,是,FALSE
2882,男,2,低,新页面,否,FALSE
2883,男,0,低,旧页面,否,FALSE
2884,女,5,低,新页面,是,FALSE
2885,男,1,低,旧页面,否,FALSE
2886,女,12,低,旧页面,是,FALSE
2887,女,28,低,旧页面,是,FALSE
2888,男,25,低,旧页面,否,FALSE
2889,女,76,低,新页面,是,FALSE
2890,女,28,低,旧页面,是,TRUE
2891,男,9,低,新页面,否,FALSE
2892,男,216,低,旧页面,否,TRUE
2893,女,249,低,旧页面,是,TRUE
2894,男,1,低,新页面,否,FALSE
2895,男,3,低,新页面,否,FALSE
2896,男,58,低,新页面,否,FALSE
2897,女,173,低,旧页面,是,TRUE
2898,女,19,低,新页面,是,FALSE
2899,男,2,低,旧页面,否,FALSE
2900,女,5,低,新页面,是,FALSE
2901,女,311,低,旧页面,是,TRUE
2902,男,8,低,旧页面,否,FALSE
2903,男,8,低,旧页面,否,FALSE
2904,男,0,低,旧页面,否,FALSE
2905,男,0,低,旧页面,否,FALSE
2906,女,25,低,旧页面,是,FALSE
2907,女,55,低,新页面,是,FALSE
2908,女,40,低,旧页面,是,FALSE
2909,男,17,低,旧页面,否,FALSE
2910,女,42,低,旧页面,是,FALSE
2911,男,0,低,旧页面,否,FALSE
2912,男,1,低,新页面,否,FALSE
2913,男,9,低,新页面,否,FALSE
2914,男,14,低,旧页面,否,FALSE
2915,男,167,低,旧页面,否,FALSE
2916,女,124,低,旧页面,是,FALSE
2917,男,1,低,旧页面,否,FALSE
2918,男,82,低,新页面,否,TRUE
2919,男,1,低,旧页面,否,FALSE
2920,男,1,低,新页面,否,FALSE
2921,男,10,低,新页面,否,FALSE
2922,男,1,低,旧页面,否,FALSE
2923,女,19,低,旧页面,是,FALSE
2924,女,5,低,旧页面,是,FALSE
2925,女,202,低,旧页面,是,FALSE
2926,男,6,低,新页面,否,FALSE
2927,男,8,低,旧页面,否,FALSE
2928,男,5,低,新页面,否,FALSE
2929,女,57,低,新页面,是,FALSE
2930,女,44,低,新页面,是,FALSE
2931,男,0,低,旧页面,否,FALSE
2932,男,19,低,新页面,否,FALSE
2933,男,6,低,旧页面,否,FALSE
2934,男,11,低,新页面,否,FALSE
2935,男,81,低,新页面,否,FALSE
2936,男,2,低,新页面,否,FALSE
2937,女,219,低,新页面,是,FALSE
2938,女,4,低,新页面,是,FALSE
2939,女,112,低,旧页面,是,TRUE
2940,男,62,低,新页面,否,FALSE
2941,女,98,低,新页面,是,FALSE
2942,男,1,低,新页面,否,FALSE
2943,男,1,低,新页面,否,FALSE
2944,女,132,低,新页面,是,TRUE
2945,男,6,低,新页面,否,FALSE
2946,男,3,低,新页面,否,FALSE
2947,男,17,低,新页面,否,FALSE
2948,女,114,低,新页面,是,TRUE
2949,女,79,低,旧页面,是,FALSE
2950,男,3,低,旧页面,否,FALSE
2951,女,57,低,旧页面,是,FALSE
2952,男,7,低,旧页面,否,FALSE
2953,男,0,低,旧页面,否,FALSE
2954,男,39,低,新页面,否,FALSE
2955,男,33,低,旧页面,否,FALSE
2956,男,1,低,旧页面,否,FALSE
2957,女,118,低,旧页面,是,TRUE
2958,女,60,低,新页面,是,FALSE
2959,男,5,低,旧页面,否,FALSE
2960,男,8,低,旧页面,否,FALSE
2961,男,62,低,新页面,否,FALSE
2962,男,13,低,新页面,否,FALSE
2963,女,34,低,新页面,是,FALSE
2964,男,24,低,新页面,否,FALSE
2965,男,58,低,新页面,否,FALSE
2966,女,11,低,新页面,是,FALSE
2967,男,0,低,旧页面,否,FALSE
2968,男,20,低,新页面,否,FALSE
2969,男,33,低,新页面,否,FALSE
2970,男,6,低,旧页面,否,FALSE
2971,男,4,低,旧页面,否,FALSE
2972,男,24,低,新页面,否,FALSE
2973,男,8,低,新页面,否,FALSE
2974,女,170,低,新页面,是,TRUE
2975,男,14,低,新页面,否,FALSE
2976,男,10,低,旧页面,否,FALSE
2977,男,8,低,旧页面,否,FALSE
2978,男,23,低,新页面,否,FALSE
2979,男,2,低,新页面,否,FALSE
2980,男,2,低,旧页面,否,FALSE
2981,男,23,低,旧页面,否,FALSE
2982,女,28,低,新页面,是,FALSE
2983,男,69,低,新页面,否,FALSE
2984,女,27,低,旧页面,是,FALSE
2985,男,7,低,新页面,否,FALSE
2986,男,37,低,新页面,否,FALSE
2987,女,170,低,旧页面,是,TRUE
2988,女,15,低,旧页面,是,FALSE
2989,男,2,低,新页面,否,FALSE
2990,男,42,低,新页面,否,FALSE
2991,男,68,低,新页面,否,TRUE
2992,男,0,低,新页面,否,FALSE
2993,女,60,低,旧页面,是,FALSE
2994,男,4,低,新页面,否,FALSE
2995,男,14,低,新页面,否,FALSE
2996,女,46,低,新页面,是,FALSE
2997,男,33,低,新页面,否,FALSE
2998,男,43,低,新页面,否,FALSE
2999,男,39,低,旧页面,否,FALSE
3000,男,6,低,新页面,否,FALSE
